ISO-10303-21;
HEADER;
/* Generated by software containing ST-Developer
 * from STEP Tools, Inc. (www.steptools.com) 
 */
/* OPTION: using custom renumber hook */

FILE_DESCRIPTION(
/* description */ ('STEP AP242 Edition 2',
'CAx-IF Rec.Pracs.---Representation and Presentation of Product Manufa
cturing Information (PMI)---4.0---2014-10-13',
'CAx-IF Rec.Pracs.---3D Tessellated Geometry---0.4---2014-09-14','2;1',
'CAx-IF Rec.Pracs.---User Defined Attributes---1.5---2016-08-15'),
/* implementation_level */ '2;1');

FILE_NAME(
/* name */ 'soup head - soup_head',
/* time_stamp */ '2026-06-22T23:42:57Z',
/* author */ (''),
/* organization */ (''),
/* preprocessor_version */ 'ST-DEVELOPER v20',
/* originating_system */ 'ONSHAPE BY PTC INC, 1.216',
/* authorisation */ '  ');

FILE_SCHEMA (('AP242_MANAGED_MODEL_BASED_3D_ENGINEERING_MIM_LF { 1 0 10303 442 3 1 4 }'));
ENDSEC;

DATA;
#10=SHAPE_REPRESENTATION_RELATIONSHIP('','',#838,#11);
#11=ADVANCED_BREP_SHAPE_REPRESENTATION('',(#836),#2622);
#12=DEGENERATE_TOROIDAL_SURFACE('',#880,0.00386802357666295,0.00778637,
 .T.);
#13=DEGENERATE_TOROIDAL_SURFACE('',#883,0.00386802357666295,0.00778637,
 .T.);
#14=DEGENERATE_TOROIDAL_SURFACE('',#884,0.00386802357666287,0.00778637,
 .T.);
#15=DEGENERATE_TOROIDAL_SURFACE('',#887,0.00386802357666287,0.00778637,
 .T.);
#16=CYLINDRICAL_SURFACE('',#851,0.00778637);
#17=CYLINDRICAL_SURFACE('',#853,0.00778637);
#18=CYLINDRICAL_SURFACE('',#855,0.00778637);
#19=CYLINDRICAL_SURFACE('',#857,0.00778637);
#20=CYLINDRICAL_SURFACE('',#861,0.0116543935766629);
#21=CYLINDRICAL_SURFACE('',#868,0.0116543935766629);
#22=CYLINDRICAL_SURFACE('',#876,0.0127);
#23=CYLINDRICAL_SURFACE('',#877,0.0127);
#24=CYLINDRICAL_SURFACE('',#893,0.0127);
#25=LINE('',#1331,#46);
#26=LINE('',#1333,#47);
#27=LINE('',#1350,#48);
#28=LINE('',#1357,#49);
#29=LINE('',#1374,#50);
#30=LINE('',#1378,#51);
#31=LINE('',#1393,#52);
#32=LINE('',#1397,#53);
#33=LINE('',#1412,#54);
#34=LINE('',#1416,#55);
#35=LINE('',#1431,#56);
#36=LINE('',#1435,#57);
#37=LINE('',#1474,#58);
#38=LINE('',#1476,#59);
#39=LINE('',#1538,#60);
#40=LINE('',#1547,#61);
#41=LINE('',#1583,#62);
#42=LINE('',#1601,#63);
#43=LINE('',#1612,#64);
#44=LINE('',#1634,#65);
#45=LINE('',#2277,#66);
#46=VECTOR('',#912,1.);
#47=VECTOR('',#915,1.);
#48=VECTOR('',#922,1.);
#49=VECTOR('',#925,1.);
#50=VECTOR('',#930,1.);
#51=VECTOR('',#933,1.);
#52=VECTOR('',#936,1.);
#53=VECTOR('',#939,1.);
#54=VECTOR('',#942,1.);
#55=VECTOR('',#945,1.);
#56=VECTOR('',#948,1.);
#57=VECTOR('',#951,1.);
#58=VECTOR('',#956,1.);
#59=VECTOR('',#959,1.);
#60=VECTOR('',#968,1.);
#61=VECTOR('',#973,1.);
#62=VECTOR('',#974,1.);
#63=VECTOR('',#979,1.);
#64=VECTOR('',#988,1.);
#65=VECTOR('',#993,1.);
#66=VECTOR('',#1028,1.);
#67=ELLIPSE('',#844,0.0174544442157662,0.00778637);
#68=ELLIPSE('',#846,0.0174544442157662,0.00778637);
#69=ELLIPSE('',#848,0.0174544442157664,0.00778637);
#70=ELLIPSE('',#850,0.0174544442157664,0.00778637);
#71=PLANE('',#843);
#72=PLANE('',#845);
#73=PLANE('',#847);
#74=PLANE('',#849);
#75=PLANE('',#860);
#76=PLANE('',#864);
#77=PLANE('',#866);
#78=PLANE('',#871);
#79=PLANE('',#872);
#80=PLANE('',#874);
#81=PLANE('',#891);
#82=PLANE('',#892);
#83=VERTEX_LOOP('',#509);
#84=B_SPLINE_SURFACE_WITH_KNOTS('',3,3,((#1107,#1108,#1109,#1110,#1111,
#1112,#1113,#1114,#1115,#1116,#1117,#1118,#1119,#1120,#1121,#1122,#1123,
#1124,#1125),(#1126,#1127,#1128,#1129,#1130,#1131,#1132,#1133,#1134,#1135,
#1136,#1137,#1138,#1139,#1140,#1141,#1142,#1143,#1144),(#1145,#1146,#1147,
#1148,#1149,#1150,#1151,#1152,#1153,#1154,#1155,#1156,#1157,#1158,#1159,
#1160,#1161,#1162,#1163),(#1164,#1165,#1166,#1167,#1168,#1169,#1170,#1171,
#1172,#1173,#1174,#1175,#1176,#1177,#1178,#1179,#1180,#1181,#1182),(#1183,
#1184,#1185,#1186,#1187,#1188,#1189,#1190,#1191,#1192,#1193,#1194,#1195,
#1196,#1197,#1198,#1199,#1200,#1201),(#1202,#1203,#1204,#1205,#1206,#1207,
#1208,#1209,#1210,#1211,#1212,#1213,#1214,#1215,#1216,#1217,#1218,#1219,
#1220),(#1221,#1222,#1223,#1224,#1225,#1226,#1227,#1228,#1229,#1230,#1231,
#1232,#1233,#1234,#1235,#1236,#1237,#1238,#1239),(#1240,#1241,#1242,#1243,
#1244,#1245,#1246,#1247,#1248,#1249,#1250,#1251,#1252,#1253,#1254,#1255,
#1256,#1257,#1258)),.UNSPECIFIED.,.F.,.T.,.F.,(4,1,1,1,1,4),(1,1,1,1,1,
1,1,1,1,1,1,1,1,1,1,1,1,1,1,1,1,1,1),(4.71238898038469,5.10042238447063,
5.32215575823402,5.54388913199742,5.71018916231997,6.04278922296506),(-1.17809724509617,
-0.785398163397448,-0.392699081698725,0.,0.392699081698724,0.785398163397448,
1.17809724509617,1.5707963267949,1.96349540849362,2.35619449019234,2.74889357189107,
3.14159265358979,3.53429173528852,3.92699081698724,4.31968989868597,4.71238898038469,
5.10508806208341,5.49778714378214,5.89048622548086,6.28318530717959,6.67588438887831,
7.06858347057703,7.46128255227576),.UNSPECIFIED.);
#85=B_SPLINE_SURFACE_WITH_KNOTS('',3,1,((#1481,#1482),(#1483,#1484),(#1485,
#1486),(#1487,#1488),(#1489,#1490),(#1491,#1492),(#1493,#1494)),
 .SURF_OF_LINEAR_EXTRUSION.,.F.,.F.,.F.,(4,1,1,1,4),(2,2),(-8.88178419700125E-16,
0.560914894918895,1.12182978983779,1.68274468475669,2.24365957967558),(0.,
1.),.UNSPECIFIED.);
#86=B_SPLINE_SURFACE_WITH_KNOTS('',3,1,((#1554,#1555),(#1556,#1557),(#1558,
#1559),(#1560,#1561),(#1562,#1563),(#1564,#1565),(#1566,#1567)),
 .SURF_OF_LINEAR_EXTRUSION.,.F.,.F.,.F.,(4,1,1,1,4),(2,2),(4.039525727504,
4.6004406224229,5.16135551734179,5.72227041226069,6.28318530717959),(0.,
1.),.UNSPECIFIED.);
#87=B_SPLINE_SURFACE_WITH_KNOTS('',3,3,((#2189,#2190,#2191,#2192,#2193,
#2194,#2195,#2196,#2197,#2198,#2199,#2200,#2201,#2202,#2203,#2204,#2205,
#2206,#2207),(#2208,#2209,#2210,#2211,#2212,#2213,#2214,#2215,#2216,#2217,
#2218,#2219,#2220,#2221,#2222,#2223,#2224,#2225,#2226),(#2227,#2228,#2229,
#2230,#2231,#2232,#2233,#2234,#2235,#2236,#2237,#2238,#2239,#2240,#2241,
#2242,#2243,#2244,#2245),(#2246,#2247,#2248,#2249,#2250,#2251,#2252,#2253,
#2254,#2255,#2256,#2257,#2258,#2259,#2260,#2261,#2262,#2263,#2264)),
 .UNSPECIFIED.,.F.,.T.,.F.,(4,4),(1,1,1,1,1,1,1,1,1,1,1,1,1,1,1,1,1,1,1,
1,1,1,1),(0.,1.),(-1.17809724509617,-0.785398163397448,-0.392699081698725,
0.,0.392699081698724,0.785398163397448,1.17809724509617,1.5707963267949,
1.96349540849362,2.35619449019234,2.74889357189107,3.14159265358979,3.53429173528852,
3.92699081698724,4.31968989868597,4.71238898038469,5.10508806208341,5.49778714378214,
5.89048622548086,6.28318530717959,6.67588438887831,7.06858347057703,7.46128255227576),
 .UNSPECIFIED.);
#88=CIRCLE('',#840,0.0472865704);
#89=CIRCLE('',#841,0.0472865704);
#90=CIRCLE('',#842,0.0472865704);
#91=CIRCLE('',#852,0.00778637);
#92=CIRCLE('',#854,0.00778637);
#93=CIRCLE('',#856,0.00778637);
#94=CIRCLE('',#858,0.00778637);
#95=CIRCLE('',#859,0.0472865704);
#96=CIRCLE('',#862,0.0116543935766629);
#97=CIRCLE('',#863,0.0116543935766629);
#98=CIRCLE('',#865,0.00386802357666295);
#99=CIRCLE('',#867,0.00386802357666295);
#100=CIRCLE('',#869,0.0116543935766629);
#101=CIRCLE('',#870,0.0116543935766629);
#102=CIRCLE('',#873,0.00386802357666287);
#103=CIRCLE('',#875,0.00386802357666287);
#104=CIRCLE('',#878,0.00778637);
#105=CIRCLE('',#879,0.00778637);
#106=CIRCLE('',#881,0.00778637);
#107=CIRCLE('',#882,0.00778637);
#108=CIRCLE('',#885,0.00778637);
#109=CIRCLE('',#886,0.00778637);
#110=CIRCLE('',#888,0.00778637);
#111=CIRCLE('',#889,0.00778637);
#112=CIRCLE('',#890,0.050038);
#113=CIRCLE('',#894,0.00127);
#114=CIRCLE('',#895,0.00127);
#115=CIRCLE('',#896,0.00127);
#116=CIRCLE('',#897,0.00127);
#117=CIRCLE('',#898,0.00127);
#118=CIRCLE('',#899,0.00127);
#119=ORIENTED_EDGE('',*,*,#371,.T.);
#120=ORIENTED_EDGE('',*,*,#372,.T.);
#121=ORIENTED_EDGE('',*,*,#373,.T.);
#122=ORIENTED_EDGE('',*,*,#374,.T.);
#123=ORIENTED_EDGE('',*,*,#375,.T.);
#124=ORIENTED_EDGE('',*,*,#376,.T.);
#125=ORIENTED_EDGE('',*,*,#377,.T.);
#126=ORIENTED_EDGE('',*,*,#378,.T.);
#127=ORIENTED_EDGE('',*,*,#379,.T.);
#128=ORIENTED_EDGE('',*,*,#380,.T.);
#129=ORIENTED_EDGE('',*,*,#381,.T.);
#130=ORIENTED_EDGE('',*,*,#382,.T.);
#131=ORIENTED_EDGE('',*,*,#383,.T.);
#132=ORIENTED_EDGE('',*,*,#384,.T.);
#133=ORIENTED_EDGE('',*,*,#385,.F.);
#134=ORIENTED_EDGE('',*,*,#386,.F.);
#135=ORIENTED_EDGE('',*,*,#387,.T.);
#136=ORIENTED_EDGE('',*,*,#388,.T.);
#137=ORIENTED_EDGE('',*,*,#389,.F.);
#138=ORIENTED_EDGE('',*,*,#390,.T.);
#139=ORIENTED_EDGE('',*,*,#391,.T.);
#140=ORIENTED_EDGE('',*,*,#392,.F.);
#141=ORIENTED_EDGE('',*,*,#393,.T.);
#142=ORIENTED_EDGE('',*,*,#394,.T.);
#143=ORIENTED_EDGE('',*,*,#395,.F.);
#144=ORIENTED_EDGE('',*,*,#396,.T.);
#145=ORIENTED_EDGE('',*,*,#383,.F.);
#146=ORIENTED_EDGE('',*,*,#397,.F.);
#147=ORIENTED_EDGE('',*,*,#398,.T.);
#148=ORIENTED_EDGE('',*,*,#399,.F.);
#149=ORIENTED_EDGE('',*,*,#388,.F.);
#150=ORIENTED_EDGE('',*,*,#400,.T.);
#151=ORIENTED_EDGE('',*,*,#401,.F.);
#152=ORIENTED_EDGE('',*,*,#402,.F.);
#153=ORIENTED_EDGE('',*,*,#403,.T.);
#154=ORIENTED_EDGE('',*,*,#404,.F.);
#155=ORIENTED_EDGE('',*,*,#405,.F.);
#156=ORIENTED_EDGE('',*,*,#406,.T.);
#157=ORIENTED_EDGE('',*,*,#394,.F.);
#158=ORIENTED_EDGE('',*,*,#407,.F.);
#159=ORIENTED_EDGE('',*,*,#408,.F.);
#160=ORIENTED_EDGE('',*,*,#409,.F.);
#161=ORIENTED_EDGE('',*,*,#390,.F.);
#162=ORIENTED_EDGE('',*,*,#410,.T.);
#163=ORIENTED_EDGE('',*,*,#411,.F.);
#164=ORIENTED_EDGE('',*,*,#412,.F.);
#165=ORIENTED_EDGE('',*,*,#413,.F.);
#166=ORIENTED_EDGE('',*,*,#414,.F.);
#167=ORIENTED_EDGE('',*,*,#415,.T.);
#168=ORIENTED_EDGE('',*,*,#416,.T.);
#169=ORIENTED_EDGE('',*,*,#417,.F.);
#170=ORIENTED_EDGE('',*,*,#397,.T.);
#171=ORIENTED_EDGE('',*,*,#385,.T.);
#172=ORIENTED_EDGE('',*,*,#386,.T.);
#173=ORIENTED_EDGE('',*,*,#404,.T.);
#174=ORIENTED_EDGE('',*,*,#418,.F.);
#175=ORIENTED_EDGE('',*,*,#419,.T.);
#176=ORIENTED_EDGE('',*,*,#417,.T.);
#177=ORIENTED_EDGE('',*,*,#420,.T.);
#178=ORIENTED_EDGE('',*,*,#421,.T.);
#179=ORIENTED_EDGE('',*,*,#422,.T.);
#180=ORIENTED_EDGE('',*,*,#418,.T.);
#181=ORIENTED_EDGE('',*,*,#423,.T.);
#182=ORIENTED_EDGE('',*,*,#424,.T.);
#183=ORIENTED_EDGE('',*,*,#425,.T.);
#184=ORIENTED_EDGE('',*,*,#399,.T.);
#185=ORIENTED_EDGE('',*,*,#426,.T.);
#186=ORIENTED_EDGE('',*,*,#427,.T.);
#187=ORIENTED_EDGE('',*,*,#428,.T.);
#188=ORIENTED_EDGE('',*,*,#429,.T.);
#189=ORIENTED_EDGE('',*,*,#402,.T.);
#190=ORIENTED_EDGE('',*,*,#430,.T.);
#191=ORIENTED_EDGE('',*,*,#431,.T.);
#192=ORIENTED_EDGE('',*,*,#432,.T.);
#193=ORIENTED_EDGE('',*,*,#433,.T.);
#194=ORIENTED_EDGE('',*,*,#434,.T.);
#195=ORIENTED_EDGE('',*,*,#435,.F.);
#196=ORIENTED_EDGE('',*,*,#436,.T.);
#197=ORIENTED_EDGE('',*,*,#437,.T.);
#198=ORIENTED_EDGE('',*,*,#435,.T.);
#199=ORIENTED_EDGE('',*,*,#438,.T.);
#200=ORIENTED_EDGE('',*,*,#439,.F.);
#201=ORIENTED_EDGE('',*,*,#440,.T.);
#202=ORIENTED_EDGE('',*,*,#439,.T.);
#203=ORIENTED_EDGE('',*,*,#407,.T.);
#204=ORIENTED_EDGE('',*,*,#393,.F.);
#205=ORIENTED_EDGE('',*,*,#391,.F.);
#206=ORIENTED_EDGE('',*,*,#414,.T.);
#207=ORIENTED_EDGE('',*,*,#441,.T.);
#208=ORIENTED_EDGE('',*,*,#412,.T.);
#209=ORIENTED_EDGE('',*,*,#442,.T.);
#210=ORIENTED_EDGE('',*,*,#443,.T.);
#211=ORIENTED_EDGE('',*,*,#444,.T.);
#212=ORIENTED_EDGE('',*,*,#445,.T.);
#213=ORIENTED_EDGE('',*,*,#409,.T.);
#214=ORIENTED_EDGE('',*,*,#446,.T.);
#215=ORIENTED_EDGE('',*,*,#447,.T.);
#216=ORIENTED_EDGE('',*,*,#448,.T.);
#217=ORIENTED_EDGE('',*,*,#449,.T.);
#218=ORIENTED_EDGE('',*,*,#450,.T.);
#219=ORIENTED_EDGE('',*,*,#377,.F.);
#220=ORIENTED_EDGE('',*,*,#382,.F.);
#221=ORIENTED_EDGE('',*,*,#451,.T.);
#222=ORIENTED_EDGE('',*,*,#395,.T.);
#223=ORIENTED_EDGE('',*,*,#425,.F.);
#224=ORIENTED_EDGE('',*,*,#452,.F.);
#225=ORIENTED_EDGE('',*,*,#453,.F.);
#226=ORIENTED_EDGE('',*,*,#430,.F.);
#227=ORIENTED_EDGE('',*,*,#401,.T.);
#228=ORIENTED_EDGE('',*,*,#454,.F.);
#229=ORIENTED_EDGE('',*,*,#376,.F.);
#230=ORIENTED_EDGE('',*,*,#428,.F.);
#231=ORIENTED_EDGE('',*,*,#455,.T.);
#232=ORIENTED_EDGE('',*,*,#456,.T.);
#233=ORIENTED_EDGE('',*,*,#431,.F.);
#234=ORIENTED_EDGE('',*,*,#453,.T.);
#235=ORIENTED_EDGE('',*,*,#452,.T.);
#236=ORIENTED_EDGE('',*,*,#457,.T.);
#237=ORIENTED_EDGE('',*,*,#458,.T.);
#238=ORIENTED_EDGE('',*,*,#371,.F.);
#239=ORIENTED_EDGE('',*,*,#459,.T.);
#240=ORIENTED_EDGE('',*,*,#405,.T.);
#241=ORIENTED_EDGE('',*,*,#445,.F.);
#242=ORIENTED_EDGE('',*,*,#460,.F.);
#243=ORIENTED_EDGE('',*,*,#461,.F.);
#244=ORIENTED_EDGE('',*,*,#442,.F.);
#245=ORIENTED_EDGE('',*,*,#411,.T.);
#246=ORIENTED_EDGE('',*,*,#462,.F.);
#247=ORIENTED_EDGE('',*,*,#380,.F.);
#248=ORIENTED_EDGE('',*,*,#379,.F.);
#249=ORIENTED_EDGE('',*,*,#448,.F.);
#250=ORIENTED_EDGE('',*,*,#463,.T.);
#251=ORIENTED_EDGE('',*,*,#464,.T.);
#252=ORIENTED_EDGE('',*,*,#443,.F.);
#253=ORIENTED_EDGE('',*,*,#461,.T.);
#254=ORIENTED_EDGE('',*,*,#460,.T.);
#255=ORIENTED_EDGE('',*,*,#421,.F.);
#256=ORIENTED_EDGE('',*,*,#455,.F.);
#257=ORIENTED_EDGE('',*,*,#465,.F.);
#258=ORIENTED_EDGE('',*,*,#465,.T.);
#259=ORIENTED_EDGE('',*,*,#427,.F.);
#260=ORIENTED_EDGE('',*,*,#466,.F.);
#261=ORIENTED_EDGE('',*,*,#422,.F.);
#262=ORIENTED_EDGE('',*,*,#466,.T.);
#263=ORIENTED_EDGE('',*,*,#426,.F.);
#264=ORIENTED_EDGE('',*,*,#398,.F.);
#265=ORIENTED_EDGE('',*,*,#419,.F.);
#266=ORIENTED_EDGE('',*,*,#456,.F.);
#267=ORIENTED_EDGE('',*,*,#424,.F.);
#268=ORIENTED_EDGE('',*,*,#467,.F.);
#269=ORIENTED_EDGE('',*,*,#467,.T.);
#270=ORIENTED_EDGE('',*,*,#423,.F.);
#271=ORIENTED_EDGE('',*,*,#468,.F.);
#272=ORIENTED_EDGE('',*,*,#432,.F.);
#273=ORIENTED_EDGE('',*,*,#468,.T.);
#274=ORIENTED_EDGE('',*,*,#420,.F.);
#275=ORIENTED_EDGE('',*,*,#403,.F.);
#276=ORIENTED_EDGE('',*,*,#429,.F.);
#277=ORIENTED_EDGE('',*,*,#408,.T.);
#278=ORIENTED_EDGE('',*,*,#438,.F.);
#279=ORIENTED_EDGE('',*,*,#469,.F.);
#280=ORIENTED_EDGE('',*,*,#446,.F.);
#281=ORIENTED_EDGE('',*,*,#469,.T.);
#282=ORIENTED_EDGE('',*,*,#434,.F.);
#283=ORIENTED_EDGE('',*,*,#470,.F.);
#284=ORIENTED_EDGE('',*,*,#447,.F.);
#285=ORIENTED_EDGE('',*,*,#433,.F.);
#286=ORIENTED_EDGE('',*,*,#463,.F.);
#287=ORIENTED_EDGE('',*,*,#470,.T.);
#288=ORIENTED_EDGE('',*,*,#413,.T.);
#289=ORIENTED_EDGE('',*,*,#441,.F.);
#290=ORIENTED_EDGE('',*,*,#471,.F.);
#291=ORIENTED_EDGE('',*,*,#440,.F.);
#292=ORIENTED_EDGE('',*,*,#471,.T.);
#293=ORIENTED_EDGE('',*,*,#444,.F.);
#294=ORIENTED_EDGE('',*,*,#472,.F.);
#295=ORIENTED_EDGE('',*,*,#436,.F.);
#296=ORIENTED_EDGE('',*,*,#472,.T.);
#297=ORIENTED_EDGE('',*,*,#464,.F.);
#298=ORIENTED_EDGE('',*,*,#437,.F.);
#299=ORIENTED_EDGE('',*,*,#373,.F.);
#300=ORIENTED_EDGE('',*,*,#473,.T.);
#301=ORIENTED_EDGE('',*,*,#415,.F.);
#302=ORIENTED_EDGE('',*,*,#474,.T.);
#303=ORIENTED_EDGE('',*,*,#374,.F.);
#304=ORIENTED_EDGE('',*,*,#454,.T.);
#305=ORIENTED_EDGE('',*,*,#400,.F.);
#306=ORIENTED_EDGE('',*,*,#387,.F.);
#307=ORIENTED_EDGE('',*,*,#384,.F.);
#308=ORIENTED_EDGE('',*,*,#396,.F.);
#309=ORIENTED_EDGE('',*,*,#451,.F.);
#310=ORIENTED_EDGE('',*,*,#381,.F.);
#311=ORIENTED_EDGE('',*,*,#462,.T.);
#312=ORIENTED_EDGE('',*,*,#410,.F.);
#313=ORIENTED_EDGE('',*,*,#389,.T.);
#314=ORIENTED_EDGE('',*,*,#392,.T.);
#315=ORIENTED_EDGE('',*,*,#406,.F.);
#316=ORIENTED_EDGE('',*,*,#459,.F.);
#317=ORIENTED_EDGE('',*,*,#475,.T.);
#318=ORIENTED_EDGE('',*,*,#475,.F.);
#319=ORIENTED_EDGE('',*,*,#476,.T.);
#320=ORIENTED_EDGE('',*,*,#477,.T.);
#321=ORIENTED_EDGE('',*,*,#478,.T.);
#322=ORIENTED_EDGE('',*,*,#479,.T.);
#323=ORIENTED_EDGE('',*,*,#480,.T.);
#324=ORIENTED_EDGE('',*,*,#481,.T.);
#325=ORIENTED_EDGE('',*,*,#476,.F.);
#326=ORIENTED_EDGE('',*,*,#482,.T.);
#327=ORIENTED_EDGE('',*,*,#483,.T.);
#328=ORIENTED_EDGE('',*,*,#484,.T.);
#329=ORIENTED_EDGE('',*,*,#485,.T.);
#330=ORIENTED_EDGE('',*,*,#486,.T.);
#331=ORIENTED_EDGE('',*,*,#487,.F.);
#332=ORIENTED_EDGE('',*,*,#482,.F.);
#333=ORIENTED_EDGE('',*,*,#488,.F.);
#334=ORIENTED_EDGE('',*,*,#449,.F.);
#335=ORIENTED_EDGE('',*,*,#488,.T.);
#336=ORIENTED_EDGE('',*,*,#479,.F.);
#337=ORIENTED_EDGE('',*,*,#489,.F.);
#338=ORIENTED_EDGE('',*,*,#450,.F.);
#339=ORIENTED_EDGE('',*,*,#487,.T.);
#340=ORIENTED_EDGE('',*,*,#375,.F.);
#341=ORIENTED_EDGE('',*,*,#490,.F.);
#342=ORIENTED_EDGE('',*,*,#483,.F.);
#343=ORIENTED_EDGE('',*,*,#489,.T.);
#344=ORIENTED_EDGE('',*,*,#478,.F.);
#345=ORIENTED_EDGE('',*,*,#491,.F.);
#346=ORIENTED_EDGE('',*,*,#378,.F.);
#347=ORIENTED_EDGE('',*,*,#490,.T.);
#348=ORIENTED_EDGE('',*,*,#474,.F.);
#349=ORIENTED_EDGE('',*,*,#492,.F.);
#350=ORIENTED_EDGE('',*,*,#484,.F.);
#351=ORIENTED_EDGE('',*,*,#491,.T.);
#352=ORIENTED_EDGE('',*,*,#477,.F.);
#353=ORIENTED_EDGE('',*,*,#493,.F.);
#354=ORIENTED_EDGE('',*,*,#457,.F.);
#355=ORIENTED_EDGE('',*,*,#492,.T.);
#356=ORIENTED_EDGE('',*,*,#416,.F.);
#357=ORIENTED_EDGE('',*,*,#494,.F.);
#358=ORIENTED_EDGE('',*,*,#485,.F.);
#359=ORIENTED_EDGE('',*,*,#493,.T.);
#360=ORIENTED_EDGE('',*,*,#481,.F.);
#361=ORIENTED_EDGE('',*,*,#495,.F.);
#362=ORIENTED_EDGE('',*,*,#458,.F.);
#363=ORIENTED_EDGE('',*,*,#494,.T.);
#364=ORIENTED_EDGE('',*,*,#473,.F.);
#365=ORIENTED_EDGE('',*,*,#496,.F.);
#366=ORIENTED_EDGE('',*,*,#486,.F.);
#367=ORIENTED_EDGE('',*,*,#495,.T.);
#368=ORIENTED_EDGE('',*,*,#480,.F.);
#369=ORIENTED_EDGE('',*,*,#496,.T.);
#370=ORIENTED_EDGE('',*,*,#372,.F.);
#371=EDGE_CURVE('',#497,#498,#575,.T.);
#372=EDGE_CURVE('',#498,#499,#576,.T.);
#373=EDGE_CURVE('',#499,#497,#88,.T.);
#374=EDGE_CURVE('',#500,#501,#89,.T.);
#375=EDGE_CURVE('',#501,#502,#577,.T.);
#376=EDGE_CURVE('',#502,#500,#578,.T.);
#377=EDGE_CURVE('',#503,#504,#579,.T.);
#378=EDGE_CURVE('',#504,#505,#580,.T.);
#379=EDGE_CURVE('',#505,#506,#581,.T.);
#380=EDGE_CURVE('',#506,#507,#582,.T.);
#381=EDGE_CURVE('',#507,#508,#90,.T.);
#382=EDGE_CURVE('',#508,#503,#583,.T.);
#383=EDGE_CURVE('',#510,#511,#67,.T.);
#384=EDGE_CURVE('',#511,#512,#584,.T.);
#385=EDGE_CURVE('',#510,#512,#25,.T.);
#386=EDGE_CURVE('',#512,#513,#26,.T.);
#387=EDGE_CURVE('',#512,#514,#585,.T.);
#388=EDGE_CURVE('',#514,#513,#68,.T.);
#389=EDGE_CURVE('',#515,#516,#586,.T.);
#390=EDGE_CURVE('',#515,#517,#69,.F.);
#391=EDGE_CURVE('',#517,#516,#27,.T.);
#392=EDGE_CURVE('',#516,#518,#587,.T.);
#393=EDGE_CURVE('',#516,#519,#28,.T.);
#394=EDGE_CURVE('',#519,#518,#70,.F.);
#395=EDGE_CURVE('',#520,#521,#588,.T.);
#396=EDGE_CURVE('',#520,#511,#589,.T.);
#397=EDGE_CURVE('',#522,#510,#29,.F.);
#398=EDGE_CURVE('',#522,#523,#91,.T.);
#399=EDGE_CURVE('',#521,#523,#30,.T.);
#400=EDGE_CURVE('',#514,#524,#590,.T.);
#401=EDGE_CURVE('',#525,#524,#591,.T.);
#402=EDGE_CURVE('',#526,#525,#31,.F.);
#403=EDGE_CURVE('',#526,#527,#92,.T.);
#404=EDGE_CURVE('',#513,#527,#32,.T.);
#405=EDGE_CURVE('',#528,#529,#592,.T.);
#406=EDGE_CURVE('',#528,#518,#593,.T.);
#407=EDGE_CURVE('',#530,#519,#33,.F.);
#408=EDGE_CURVE('',#531,#530,#93,.T.);
#409=EDGE_CURVE('',#529,#531,#34,.T.);
#410=EDGE_CURVE('',#515,#532,#594,.T.);
#411=EDGE_CURVE('',#533,#532,#595,.T.);
#412=EDGE_CURVE('',#534,#533,#35,.F.);
#413=EDGE_CURVE('',#535,#534,#94,.T.);
#414=EDGE_CURVE('',#517,#535,#36,.T.);
#415=EDGE_CURVE('',#536,#537,#95,.T.);
#416=EDGE_CURVE('',#537,#536,#596,.T.);
#417=EDGE_CURVE('',#522,#527,#37,.T.);
#418=EDGE_CURVE('',#538,#539,#38,.T.);
#419=EDGE_CURVE('',#538,#522,#96,.F.);
#420=EDGE_CURVE('',#527,#539,#97,.T.);
#421=EDGE_CURVE('',#540,#541,#597,.T.);
#422=EDGE_CURVE('',#541,#538,#598,.T.);
#423=EDGE_CURVE('',#539,#542,#599,.T.);
#424=EDGE_CURVE('',#542,#540,#600,.T.);
#425=EDGE_CURVE('',#543,#521,#601,.F.);
#426=EDGE_CURVE('',#523,#544,#98,.T.);
#427=EDGE_CURVE('',#544,#545,#602,.T.);
#428=EDGE_CURVE('',#545,#543,#39,.T.);
#429=EDGE_CURVE('',#546,#526,#99,.F.);
#430=EDGE_CURVE('',#525,#547,#603,.T.);
#431=EDGE_CURVE('',#547,#548,#40,.F.);
#432=EDGE_CURVE('',#548,#546,#604,.T.);
#433=EDGE_CURVE('',#549,#550,#605,.T.);
#434=EDGE_CURVE('',#550,#551,#606,.T.);
#435=EDGE_CURVE('',#552,#551,#41,.T.);
#436=EDGE_CURVE('',#552,#553,#607,.T.);
#437=EDGE_CURVE('',#553,#549,#608,.T.);
#438=EDGE_CURVE('',#551,#530,#100,.T.);
#439=EDGE_CURVE('',#535,#530,#42,.T.);
#440=EDGE_CURVE('',#535,#552,#101,.F.);
#441=EDGE_CURVE('',#554,#534,#102,.T.);
#442=EDGE_CURVE('',#533,#555,#609,.T.);
#443=EDGE_CURVE('',#555,#556,#43,.F.);
#444=EDGE_CURVE('',#556,#554,#610,.T.);
#445=EDGE_CURVE('',#557,#529,#611,.F.);
#446=EDGE_CURVE('',#531,#558,#103,.F.);
#447=EDGE_CURVE('',#558,#559,#612,.T.);
#448=EDGE_CURVE('',#559,#557,#44,.T.);
#449=EDGE_CURVE('',#502,#560,#613,.T.);
#450=EDGE_CURVE('',#560,#504,#614,.T.);
#451=EDGE_CURVE('',#508,#520,#615,.T.);
#452=EDGE_CURVE('',#561,#543,#616,.T.);
#453=EDGE_CURVE('',#547,#561,#617,.T.);
#454=EDGE_CURVE('',#500,#524,#618,.T.);
#455=EDGE_CURVE('',#545,#540,#619,.T.);
#456=EDGE_CURVE('',#540,#548,#620,.F.);
#457=EDGE_CURVE('',#505,#562,#621,.T.);
#458=EDGE_CURVE('',#562,#498,#622,.T.);
#459=EDGE_CURVE('',#497,#528,#623,.T.);
#460=EDGE_CURVE('',#563,#557,#624,.T.);
#461=EDGE_CURVE('',#555,#563,#625,.T.);
#462=EDGE_CURVE('',#507,#532,#626,.T.);
#463=EDGE_CURVE('',#559,#549,#627,.T.);
#464=EDGE_CURVE('',#549,#556,#628,.F.);
#465=EDGE_CURVE('',#541,#545,#104,.T.);
#466=EDGE_CURVE('',#538,#544,#105,.T.);
#467=EDGE_CURVE('',#548,#542,#106,.T.);
#468=EDGE_CURVE('',#546,#539,#107,.T.);
#469=EDGE_CURVE('',#558,#551,#108,.T.);
#470=EDGE_CURVE('',#559,#550,#109,.T.);
#471=EDGE_CURVE('',#552,#554,#110,.T.);
#472=EDGE_CURVE('',#553,#556,#111,.T.);
#473=EDGE_CURVE('',#499,#537,#629,.T.);
#474=EDGE_CURVE('',#536,#501,#630,.T.);
#475=EDGE_CURVE('',#564,#564,#112,.T.);
#476=EDGE_CURVE('',#565,#566,#45,.F.);
#477=EDGE_CURVE('',#566,#567,#631,.T.);
#478=EDGE_CURVE('',#567,#568,#632,.T.);
#479=EDGE_CURVE('',#568,#565,#633,.T.);
#480=EDGE_CURVE('',#569,#570,#634,.T.);
#481=EDGE_CURVE('',#570,#566,#635,.T.);
#482=EDGE_CURVE('',#565,#571,#636,.T.);
#483=EDGE_CURVE('',#571,#572,#637,.T.);
#484=EDGE_CURVE('',#572,#573,#638,.T.);
#485=EDGE_CURVE('',#573,#574,#639,.T.);
#486=EDGE_CURVE('',#574,#569,#640,.T.);
#487=EDGE_CURVE('',#571,#502,#113,.T.);
#488=EDGE_CURVE('',#560,#565,#114,.T.);
#489=EDGE_CURVE('',#504,#568,#115,.T.);
#490=EDGE_CURVE('',#572,#501,#641,.F.);
#491=EDGE_CURVE('',#505,#567,#116,.T.);
#492=EDGE_CURVE('',#573,#536,#642,.F.);
#493=EDGE_CURVE('',#562,#566,#117,.T.);
#494=EDGE_CURVE('',#574,#537,#643,.F.);
#495=EDGE_CURVE('',#498,#570,#118,.T.);
#496=EDGE_CURVE('',#569,#499,#644,.F.);
#497=VERTEX_POINT('',#1064);
#498=VERTEX_POINT('',#1065);
#499=VERTEX_POINT('',#1072);
#500=VERTEX_POINT('',#1091);
#501=VERTEX_POINT('',#1092);
#502=VERTEX_POINT('',#1100);
#503=VERTEX_POINT('',#1266);
#504=VERTEX_POINT('',#1267);
#505=VERTEX_POINT('',#1276);
#506=VERTEX_POINT('',#1284);
#507=VERTEX_POINT('',#1304);
#508=VERTEX_POINT('',#1306);
#509=VERTEX_POINT('',#1321);
#510=VERTEX_POINT('',#1324);
#511=VERTEX_POINT('',#1325);
#512=VERTEX_POINT('',#1330);
#513=VERTEX_POINT('',#1334);
#514=VERTEX_POINT('',#1339);
#515=VERTEX_POINT('',#1346);
#516=VERTEX_POINT('',#1347);
#517=VERTEX_POINT('',#1349);
#518=VERTEX_POINT('',#1356);
#519=VERTEX_POINT('',#1358);
#520=VERTEX_POINT('',#1368);
#521=VERTEX_POINT('',#1369);
#522=VERTEX_POINT('',#1375);
#523=VERTEX_POINT('',#1377);
#524=VERTEX_POINT('',#1384);
#525=VERTEX_POINT('',#1392);
#526=VERTEX_POINT('',#1394);
#527=VERTEX_POINT('',#1396);
#528=VERTEX_POINT('',#1406);
#529=VERTEX_POINT('',#1407);
#530=VERTEX_POINT('',#1413);
#531=VERTEX_POINT('',#1415);
#532=VERTEX_POINT('',#1422);
#533=VERTEX_POINT('',#1430);
#534=VERTEX_POINT('',#1432);
#535=VERTEX_POINT('',#1434);
#536=VERTEX_POINT('',#1453);
#537=VERTEX_POINT('',#1454);
#538=VERTEX_POINT('',#1477);
#539=VERTEX_POINT('',#1478);
#540=VERTEX_POINT('',#1501);
#541=VERTEX_POINT('',#1502);
#542=VERTEX_POINT('',#1516);
#543=VERTEX_POINT('',#1528);
#544=VERTEX_POINT('',#1530);
#545=VERTEX_POINT('',#1537);
#546=VERTEX_POINT('',#1541);
#547=VERTEX_POINT('',#1546);
#548=VERTEX_POINT('',#1548);
#549=VERTEX_POINT('',#1574);
#550=VERTEX_POINT('',#1575);
#551=VERTEX_POINT('',#1582);
#552=VERTEX_POINT('',#1584);
#553=VERTEX_POINT('',#1592);
#554=VERTEX_POINT('',#1606);
#555=VERTEX_POINT('',#1611);
#556=VERTEX_POINT('',#1613);
#557=VERTEX_POINT('',#1624);
#558=VERTEX_POINT('',#1626);
#559=VERTEX_POINT('',#1633);
#560=VERTEX_POINT('',#1747);
#561=VERTEX_POINT('',#1768);
#562=VERTEX_POINT('',#1914);
#563=VERTEX_POINT('',#1934);
#564=VERTEX_POINT('',#2274);
#565=VERTEX_POINT('',#2278);
#566=VERTEX_POINT('',#2279);
#567=VERTEX_POINT('',#2288);
#568=VERTEX_POINT('',#2298);
#569=VERTEX_POINT('',#2314);
#570=VERTEX_POINT('',#2315);
#571=VERTEX_POINT('',#2330);
#572=VERTEX_POINT('',#2338);
#573=VERTEX_POINT('',#2343);
#574=VERTEX_POINT('',#2361);
#575=B_SPLINE_CURVE_WITH_KNOTS('',3,(#1060,#1061,#1062,#1063),
 .UNSPECIFIED.,.F.,.F.,(4,4),(-0.00459691765460477,0.00715039589708976),
 .UNSPECIFIED.);
#576=B_SPLINE_CURVE_WITH_KNOTS('',3,(#1066,#1067,#1068,#1069,#1070,#1071),
 .UNSPECIFIED.,.F.,.F.,(4,1,1,4),(7.75791922889773E-18,0.00300007192990794,
0.00600014385981587,0.0120002877196317),.UNSPECIFIED.);
#577=B_SPLINE_CURVE_WITH_KNOTS('',3,(#1093,#1094,#1095,#1096,#1097,#1098,
#1099),.UNSPECIFIED.,.F.,.F.,(4,1,1,1,4),(0.001365282158208,0.00435002637693815,
0.0073347705956683,0.0103195148143984,0.0133042590331286),.UNSPECIFIED.);
#578=B_SPLINE_CURVE_WITH_KNOTS('',3,(#1101,#1102,#1103,#1104,#1105,#1106),
 .UNSPECIFIED.,.F.,.F.,(4,1,1,4),(0.0431822140058075,0.0491376325592039,
0.0521153418359021,0.0550930511126003),.UNSPECIFIED.);
#579=B_SPLINE_CURVE_WITH_KNOTS('',3,(#1259,#1260,#1261,#1262,#1263,#1264,
#1265),.UNSPECIFIED.,.F.,.F.,(4,1,1,1,4),(0.,0.00403794952327572,0.00807589904655145,
0.0121138485698272,0.0161517980931029),.UNSPECIFIED.);
#580=B_SPLINE_CURVE_WITH_KNOTS('',3,(#1268,#1269,#1270,#1271,#1272,#1273,
#1274,#1275),.UNSPECIFIED.,.F.,.F.,(4,1,1,1,1,4),(5.05159101305033E-17,
0.0117464215989757,0.0176196323984635,0.0234928431979514,0.035239264796927,
0.0469856863959027),.UNSPECIFIED.);
#581=B_SPLINE_CURVE_WITH_KNOTS('',3,(#1277,#1278,#1279,#1280,#1281,#1282,
#1283),.UNSPECIFIED.,.F.,.F.,(4,1,1,1,4),(0.0338302950692745,0.0378253179588813,
0.0418203408484882,0.0458153637380951,0.049810386627702),.UNSPECIFIED.);
#582=B_SPLINE_CURVE_WITH_KNOTS('',3,(#1285,#1286,#1287,#1288,#1289,#1290,
#1291,#1292,#1293,#1294,#1295,#1296,#1297,#1298,#1299,#1300,#1301,#1302,
#1303),.UNSPECIFIED.,.F.,.F.,(4,1,1,1,1,1,1,1,1,1,1,1,1,1,1,1,4),(0.,0.00344331569453751,
0.00688663138907502,0.0103299470836125,0.01377326277815,0.0172165784726876,
0.0206598941672251,0.0241032098617626,0.0275465255563001,0.0309898412508376,
0.0344331569453751,0.0378764726399126,0.0413197883344501,0.0447631040289877,
0.0482064197235252,0.0516497354180627,0.0550930511126002),.UNSPECIFIED.);
#583=B_SPLINE_CURVE_WITH_KNOTS('',3,(#1307,#1308,#1309,#1310,#1311,#1312,
#1313,#1314,#1315,#1316,#1317,#1318,#1319,#1320),.UNSPECIFIED.,.F.,.F.,
(4,1,1,1,1,1,1,1,1,1,1,4),(-0.00459691765460474,0.0022039953806836,0.00900490841597195,
0.0158058214512603,0.0226067344865486,0.029407647521837,0.0328081040394811,
0.0362085605571253,0.0396090170747695,0.0430094735924137,0.0464099301100578,
0.049810386627702),.UNSPECIFIED.);
#584=B_SPLINE_CURVE_WITH_KNOTS('',3,(#1326,#1327,#1328,#1329),
 .UNSPECIFIED.,.F.,.F.,(4,4),(0.004830690842163,0.0115687408622212),
 .UNSPECIFIED.);
#585=B_SPLINE_CURVE_WITH_KNOTS('',3,(#1335,#1336,#1337,#1338),
 .UNSPECIFIED.,.F.,.F.,(4,4),(0.0115687408622212,0.0182485423829609),
 .UNSPECIFIED.);
#586=B_SPLINE_CURVE_WITH_KNOTS('',3,(#1342,#1343,#1344,#1345),
 .UNSPECIFIED.,.F.,.F.,(4,4),(0.00485285417640179,0.0115822976353907),
 .UNSPECIFIED.);
#587=B_SPLINE_CURVE_WITH_KNOTS('',3,(#1352,#1353,#1354,#1355),
 .UNSPECIFIED.,.F.,.F.,(4,4),(0.,0.00672944345898385),.UNSPECIFIED.);
#588=B_SPLINE_CURVE_WITH_KNOTS('',3,(#1361,#1362,#1363,#1364,#1365,#1366,
#1367),.UNSPECIFIED.,.F.,.F.,(4,1,1,1,4),(0.,0.00280446677137231,0.00560893354274462,
0.00841340031411693,0.0112178670854892),.UNSPECIFIED.);
#589=B_SPLINE_CURVE_WITH_KNOTS('',3,(#1370,#1371,#1372,#1373),
 .UNSPECIFIED.,.F.,.F.,(4,4),(0.,0.00120006663715067),.UNSPECIFIED.);
#590=B_SPLINE_CURVE_WITH_KNOTS('',3,(#1380,#1381,#1382,#1383),
 .UNSPECIFIED.,.F.,.F.,(4,4),(0.00182180083911262,0.00301230263898877),
 .UNSPECIFIED.);
#591=B_SPLINE_CURVE_WITH_KNOTS('',3,(#1385,#1386,#1387,#1388,#1389,#1390,
#1391),.UNSPECIFIED.,.F.,.F.,(4,1,1,1,4),(0.,0.0027966623888848,0.0055933247777696,
0.0083899871666544,0.0111866495555392),.UNSPECIFIED.);
#592=B_SPLINE_CURVE_WITH_KNOTS('',3,(#1399,#1400,#1401,#1402,#1403,#1404,
#1405),.UNSPECIFIED.,.F.,.F.,(4,1,1,1,4),(0.,0.00280446677137234,0.00560893354274468,
0.00841340031411702,0.0112178670854894),.UNSPECIFIED.);
#593=B_SPLINE_CURVE_WITH_KNOTS('',3,(#1408,#1409,#1410,#1411),
 .UNSPECIFIED.,.F.,.F.,(4,4),(0.,0.00120006663715072),.UNSPECIFIED.);
#594=B_SPLINE_CURVE_WITH_KNOTS('',3,(#1418,#1419,#1420,#1421),
 .UNSPECIFIED.,.F.,.F.,(4,4),(0.0018218008391155,0.00301230263898859),
 .UNSPECIFIED.);
#595=B_SPLINE_CURVE_WITH_KNOTS('',3,(#1423,#1424,#1425,#1426,#1427,#1428,
#1429),.UNSPECIFIED.,.F.,.F.,(4,1,1,1,4),(0.,0.00279666238888483,0.00559332477776965,
0.00838998716665447,0.0111866495555393),.UNSPECIFIED.);
#596=B_SPLINE_CURVE_WITH_KNOTS('',3,(#1455,#1456,#1457,#1458,#1459,#1460,
#1461,#1462,#1463,#1464,#1465,#1466,#1467,#1468,#1469,#1470,#1471,#1472),
 .UNSPECIFIED.,.F.,.F.,(4,1,1,1,1,1,1,1,1,1,1,1,1,1,1,4),(0.00288809119949594,
0.00800762401932018,0.0131271568391444,0.0182466896589686,0.0233662224787929,
0.0284857552986171,0.0336052881184414,0.0387248209382656,0.0438443537580898,
0.0489638865779141,0.0540834193977383,0.0592029522175625,0.0643224850373868,
0.0745615506770352,0.0796810834968595,0.0848006163166837),.UNSPECIFIED.);
#597=B_SPLINE_CURVE_WITH_KNOTS('',3,(#1495,#1496,#1497,#1498,#1499,#1500),
 .UNSPECIFIED.,.F.,.F.,(4,1,1,4),(-2.48612495527422E-5,0.00475085949272428,
0.0095265802350013,0.0190780217195553),.UNSPECIFIED.);
#598=B_SPLINE_CURVE_WITH_KNOTS('',3,(#1503,#1504,#1505,#1506,#1507,#1508),
 .UNSPECIFIED.,.F.,.F.,(4,1,1,4),(0.,0.00357446649025278,0.00714893298050556,
0.0142978659610111),.UNSPECIFIED.);
#599=B_SPLINE_CURVE_WITH_KNOTS('',3,(#1509,#1510,#1511,#1512,#1513,#1514,
#1515),.UNSPECIFIED.,.F.,.F.,(4,1,1,1,4),(0.,0.00358346495059572,0.00716692990119143,
0.0107503948517871,0.0143338598023829),.UNSPECIFIED.);
#600=B_SPLINE_CURVE_WITH_KNOTS('',3,(#1517,#1518,#1519,#1520,#1521,#1522),
 .UNSPECIFIED.,.F.,.F.,(4,1,1,4),(0.,0.00955805423877193,0.0143370813581579,
0.0191161084775439),.UNSPECIFIED.);
#601=B_SPLINE_CURVE_WITH_KNOTS('',3,(#1524,#1525,#1526,#1527),
 .UNSPECIFIED.,.F.,.F.,(4,4),(0.00724931020691999,0.0192074415322669),
 .UNSPECIFIED.);
#602=B_SPLINE_CURVE_WITH_KNOTS('',3,(#1531,#1532,#1533,#1534,#1535,#1536),
 .UNSPECIFIED.,.F.,.F.,(4,1,1,4),(0.,0.00311274704779006,0.00466912057168508,
0.00622549409558011),.UNSPECIFIED.);
#603=B_SPLINE_CURVE_WITH_KNOTS('',3,(#1542,#1543,#1544,#1545),
 .UNSPECIFIED.,.F.,.F.,(4,4),(0.00724931020692,0.0192074415322672),
 .UNSPECIFIED.);
#604=B_SPLINE_CURVE_WITH_KNOTS('',3,(#1549,#1550,#1551,#1552,#1553),
 .UNSPECIFIED.,.F.,.F.,(4,1,4),(0.,0.00313231031397896,0.00626462062795792),
 .UNSPECIFIED.);
#605=B_SPLINE_CURVE_WITH_KNOTS('',3,(#1568,#1569,#1570,#1571,#1572,#1573),
 .UNSPECIFIED.,.F.,.F.,(4,1,1,4),(-2.48612495523177E-5,0.0047508594927247,
0.00952658023500172,0.0190780217195558),.UNSPECIFIED.);
#606=B_SPLINE_CURVE_WITH_KNOTS('',3,(#1576,#1577,#1578,#1579,#1580,#1581),
 .UNSPECIFIED.,.F.,.F.,(4,1,1,4),(0.,0.00357446649025278,0.00714893298050557,
0.0142978659610111),.UNSPECIFIED.);
#607=B_SPLINE_CURVE_WITH_KNOTS('',3,(#1585,#1586,#1587,#1588,#1589,#1590,
#1591),.UNSPECIFIED.,.F.,.F.,(4,1,1,1,4),(0.,0.00358346495059571,0.00716692990119143,
0.0107503948517871,0.0143338598023829),.UNSPECIFIED.);
#608=B_SPLINE_CURVE_WITH_KNOTS('',3,(#1593,#1594,#1595,#1596,#1597,#1598),
 .UNSPECIFIED.,.F.,.F.,(4,1,1,4),(0.,0.00955805423877194,0.0143370813581579,
0.0191161084775439),.UNSPECIFIED.);
#609=B_SPLINE_CURVE_WITH_KNOTS('',3,(#1607,#1608,#1609,#1610),
 .UNSPECIFIED.,.F.,.F.,(4,4),(0.00724931020692,0.0192074415322675),
 .UNSPECIFIED.);
#610=B_SPLINE_CURVE_WITH_KNOTS('',3,(#1614,#1615,#1616,#1617,#1618),
 .UNSPECIFIED.,.F.,.F.,(4,1,4),(0.,0.0031323103139789,0.00626462062795779),
 .UNSPECIFIED.);
#611=B_SPLINE_CURVE_WITH_KNOTS('',3,(#1620,#1621,#1622,#1623),
 .UNSPECIFIED.,.F.,.F.,(4,4),(0.00724931020691999,0.0192074415322674),
 .UNSPECIFIED.);
#612=B_SPLINE_CURVE_WITH_KNOTS('',3,(#1627,#1628,#1629,#1630,#1631,#1632),
 .UNSPECIFIED.,.F.,.F.,(4,1,1,4),(0.,0.00311274704779006,0.00466912057168508,
0.00622549409558011),.UNSPECIFIED.);
#613=B_SPLINE_CURVE_WITH_KNOTS('',3,(#1740,#1741,#1742,#1743,#1744,#1745,
#1746),.UNSPECIFIED.,.F.,.F.,(4,1,1,1,4),(2.42861286636753E-17,0.0023847946225375,
0.00476958924507497,0.00715438386761245,0.00953917849014992),
 .UNSPECIFIED.);
#614=B_SPLINE_CURVE_WITH_KNOTS('',3,(#1748,#1749,#1750,#1751,#1752,#1753,
#1754,#1755),.UNSPECIFIED.,.F.,.F.,(4,1,1,1,1,4),(0.,0.00219123320784508,
0.00438246641569017,0.00876493283138033,0.0131473992470705,0.0175298656627607),
 .UNSPECIFIED.);
#615=B_SPLINE_CURVE_WITH_KNOTS('',3,(#1756,#1757,#1758,#1759),
 .UNSPECIFIED.,.F.,.F.,(4,4),(0.,0.000855387389763395),.UNSPECIFIED.);
#616=B_SPLINE_CURVE_WITH_KNOTS('',3,(#1760,#1761,#1762,#1763,#1764,#1765,
#1766,#1767),.UNSPECIFIED.,.F.,.F.,(4,1,1,1,1,4),(0.,0.00538439173400646,
0.00807658760100969,0.0107687834680129,0.0161531752020194,0.0215375669360258),
 .UNSPECIFIED.);
#617=B_SPLINE_CURVE_WITH_KNOTS('',3,(#1769,#1770,#1771,#1772,#1773,#1774,
#1775),.UNSPECIFIED.,.F.,.F.,(4,1,1,1,4),(0.,0.00535652945915271,0.0107130589183054,
0.0160695883774581,0.0214261178366108),.UNSPECIFIED.);
#618=B_SPLINE_CURVE_WITH_KNOTS('',3,(#1776,#1777,#1778,#1779),
 .UNSPECIFIED.,.F.,.F.,(4,4),(0.,0.000855387672248689),.UNSPECIFIED.);
#619=B_SPLINE_CURVE_WITH_KNOTS('',3,(#1781,#1782,#1783,#1784,#1785,#1786,
#1787,#1788,#1789,#1790),.UNSPECIFIED.,.F.,.F.,(4,1,1,1,1,1,1,4),(0.,0.00266687112188716,
0.00533374224377432,0.00800061336566149,0.0106674844875486,0.0133343556094358,
0.016001226731323,0.0213349689750973),.UNSPECIFIED.);
#620=B_SPLINE_CURVE_WITH_KNOTS('',3,(#1791,#1792,#1793,#1794,#1795,#1796,
#1797,#1798,#1799,#1800),.UNSPECIFIED.,.F.,.F.,(4,1,1,1,1,1,1,4),(0.,0.00266687112188716,
0.00533374224377431,0.00800061336566147,0.0106674844875486,0.0133343556094358,
0.0160012267313229,0.0213349689750973),.UNSPECIFIED.);
#621=B_SPLINE_CURVE_WITH_KNOTS('',3,(#1906,#1907,#1908,#1909,#1910,#1911,
#1912,#1913),.UNSPECIFIED.,.F.,.F.,(4,1,1,1,1,4),(0.,0.00433621174998606,
0.00867242349997212,0.0130086352499582,0.0151767411249512,0.0173448469999442),
 .UNSPECIFIED.);
#622=B_SPLINE_CURVE_WITH_KNOTS('',3,(#1915,#1916,#1917,#1918,#1919,#1920,
#1921),.UNSPECIFIED.,.F.,.F.,(4,1,1,1,4),(7.14613435233643E-17,0.00239402491120399,
0.0047880498224079,0.00718207473361182,0.00957609964481574),
 .UNSPECIFIED.);
#623=B_SPLINE_CURVE_WITH_KNOTS('',3,(#1922,#1923,#1924,#1925),
 .UNSPECIFIED.,.F.,.F.,(4,4),(0.,0.00085538738976348),.UNSPECIFIED.);
#624=B_SPLINE_CURVE_WITH_KNOTS('',3,(#1926,#1927,#1928,#1929,#1930,#1931,
#1932,#1933),.UNSPECIFIED.,.F.,.F.,(4,1,1,1,1,4),(0.,0.00538439173400646,
0.00807658760100969,0.0107687834680129,0.0161531752020194,0.0215375669360258),
 .UNSPECIFIED.);
#625=B_SPLINE_CURVE_WITH_KNOTS('',3,(#1935,#1936,#1937,#1938,#1939,#1940,
#1941),.UNSPECIFIED.,.F.,.F.,(4,1,1,1,4),(0.,0.00535652945915271,0.0107130589183054,
0.0160695883774581,0.0214261178366109),.UNSPECIFIED.);
#626=B_SPLINE_CURVE_WITH_KNOTS('',3,(#1942,#1943,#1944,#1945),
 .UNSPECIFIED.,.F.,.F.,(4,4),(0.,0.0008553897192942),.UNSPECIFIED.);
#627=B_SPLINE_CURVE_WITH_KNOTS('',3,(#1947,#1948,#1949,#1950,#1951,#1952,
#1953,#1954,#1955,#1956),.UNSPECIFIED.,.F.,.F.,(4,1,1,1,1,1,1,4),(0.,0.00266687112188716,
0.00533374224377432,0.00800061336566148,0.0106674844875486,0.0133343556094358,
0.016001226731323,0.0213349689750973),.UNSPECIFIED.);
#628=B_SPLINE_CURVE_WITH_KNOTS('',3,(#1957,#1958,#1959,#1960,#1961,#1962,
#1963,#1964,#1965,#1966),.UNSPECIFIED.,.F.,.F.,(4,1,1,1,1,1,1,4),(0.,0.00266687112188716,
0.00533374224377432,0.00800061336566148,0.0106674844875486,0.0133343556094358,
0.016001226731323,0.0213349689750973),.UNSPECIFIED.);
#629=B_SPLINE_CURVE_WITH_KNOTS('',3,(#2265,#2266,#2267,#2268),
 .UNSPECIFIED.,.F.,.F.,(4,4),(-5.99999999832014E-8,0.00424695061227829),
 .UNSPECIFIED.);
#630=B_SPLINE_CURVE_WITH_KNOTS('',3,(#2269,#2270,#2271,#2272),
 .UNSPECIFIED.,.F.,.F.,(4,4),(-6.00000000146314E-8,0.00424695061227828),
 .UNSPECIFIED.);
#631=B_SPLINE_CURVE_WITH_KNOTS('',3,(#2280,#2281,#2282,#2283,#2284,#2285,
#2286,#2287),.UNSPECIFIED.,.F.,.F.,(4,1,1,1,1,4),(5.02591514802055E-15,
0.00214489194558151,0.004289783891158,0.00857956778231097,0.0128693516734639,
0.0171591355646169),.UNSPECIFIED.);
#632=B_SPLINE_CURVE_WITH_KNOTS('',3,(#2289,#2290,#2291,#2292,#2293,#2294,
#2295,#2296,#2297),.UNSPECIFIED.,.F.,.F.,(4,1,1,1,1,1,4),(0.,0.00581051165643043,
0.0116210233128609,0.0232420466257217,0.0290525582821522,0.0348630699385826,
0.0464840932514434),.UNSPECIFIED.);
#633=B_SPLINE_CURVE_WITH_KNOTS('',3,(#2299,#2300,#2301,#2302,#2303,#2304,
#2305,#2306),.UNSPECIFIED.,.F.,.F.,(4,1,1,1,1,4),(0.,0.0042460925314593,
0.00849218506291861,0.0127382775943779,0.0148613238601076,0.0169843701258372),
 .UNSPECIFIED.);
#634=B_SPLINE_CURVE_WITH_KNOTS('',3,(#2308,#2309,#2310,#2311,#2312,#2313),
 .UNSPECIFIED.,.F.,.F.,(4,1,1,4),(0.00124367229829595,0.00650771565071006,
0.00913973732691712,0.0117717590031242),.UNSPECIFIED.);
#635=B_SPLINE_CURVE_WITH_KNOTS('',3,(#2316,#2317,#2318,#2319,#2320,#2321,
#2322),.UNSPECIFIED.,.F.,.F.,(4,1,1,1,4),(0.,0.00224113472760712,0.00448226945521424,
0.00672340418282136,0.00896453891042847),.UNSPECIFIED.);
#636=B_SPLINE_CURVE_WITH_KNOTS('',3,(#2323,#2324,#2325,#2326,#2327,#2328,
#2329),.UNSPECIFIED.,.F.,.F.,(4,1,1,1,4),(0.,0.00223986873867131,0.00447973747734262,
0.00671960621601393,0.00895947495468524),.UNSPECIFIED.);
#637=B_SPLINE_CURVE_WITH_KNOTS('',3,(#2331,#2332,#2333,#2334,#2335,#2336,
#2337),.UNSPECIFIED.,.F.,.F.,(4,1,1,1,4),(0.,0.00263200129837356,0.00526400259674712,
0.00789600389512068,0.0105280051934942),.UNSPECIFIED.);
#638=B_SPLINE_CURVE_WITH_KNOTS('',3,(#2339,#2340,#2341,#2342),
 .UNSPECIFIED.,.F.,.F.,(4,4),(0.,0.0039069502106539),.UNSPECIFIED.);
#639=B_SPLINE_CURVE_WITH_KNOTS('',3,(#2344,#2345,#2346,#2347,#2348,#2349,
#2350,#2351,#2352,#2353,#2354,#2355,#2356,#2357,#2358,#2359,#2360),
 .UNSPECIFIED.,.F.,.F.,(4,1,1,1,1,1,1,1,1,1,1,1,1,1,4),(0.00264826265406192,
0.00749077569557298,0.012333288737084,0.0220183148201062,0.0268608278616172,
0.0317033409031283,0.0365458539446393,0.0413883669861504,0.0462308800276615,
0.0510733930691725,0.0607584191521947,0.0656009321937057,0.0704434452352168,
0.0752859582767278,0.0801284713182389),.UNSPECIFIED.);
#640=B_SPLINE_CURVE_WITH_KNOTS('',3,(#2362,#2363,#2364,#2365),
 .UNSPECIFIED.,.F.,.F.,(4,4),(0.,0.0039069502094182),.UNSPECIFIED.);
#641=B_SPLINE_CURVE_WITH_KNOTS('',3,(#2435,#2436,#2437,#2438),
 .UNSPECIFIED.,.F.,.F.,(4,4),(0.,1.),.UNSPECIFIED.);
#642=B_SPLINE_CURVE_WITH_KNOTS('',3,(#2479,#2480,#2481,#2482,#2483),
 .UNSPECIFIED.,.F.,.F.,(4,1,4),(0.,0.5,1.),.UNSPECIFIED.);
#643=B_SPLINE_CURVE_WITH_KNOTS('',3,(#2563,#2564,#2565,#2566,#2567),
 .UNSPECIFIED.,.F.,.F.,(4,1,4),(0.,0.5,1.),.UNSPECIFIED.);
#644=B_SPLINE_CURVE_WITH_KNOTS('',3,(#2599,#2600,#2601,#2602),
 .UNSPECIFIED.,.F.,.F.,(4,4),(0.,1.),.UNSPECIFIED.);
#645=EDGE_LOOP('',(#119,#120,#121));
#646=EDGE_LOOP('',(#122,#123,#124));
#647=EDGE_LOOP('',(#125,#126,#127,#128,#129,#130));
#648=EDGE_LOOP('',(#131,#132,#133));
#649=EDGE_LOOP('',(#134,#135,#136));
#650=EDGE_LOOP('',(#137,#138,#139));
#651=EDGE_LOOP('',(#140,#141,#142));
#652=EDGE_LOOP('',(#143,#144,#145,#146,#147,#148));
#653=EDGE_LOOP('',(#149,#150,#151,#152,#153,#154));
#654=EDGE_LOOP('',(#155,#156,#157,#158,#159,#160));
#655=EDGE_LOOP('',(#161,#162,#163,#164,#165,#166));
#656=EDGE_LOOP('',(#167,#168));
#657=EDGE_LOOP('',(#169,#170,#171,#172,#173));
#658=EDGE_LOOP('',(#174,#175,#176,#177));
#659=EDGE_LOOP('',(#178,#179,#180,#181,#182));
#660=EDGE_LOOP('',(#183,#184,#185,#186,#187));
#661=EDGE_LOOP('',(#188,#189,#190,#191,#192));
#662=EDGE_LOOP('',(#193,#194,#195,#196,#197));
#663=EDGE_LOOP('',(#198,#199,#200,#201));
#664=EDGE_LOOP('',(#202,#203,#204,#205,#206));
#665=EDGE_LOOP('',(#207,#208,#209,#210,#211));
#666=EDGE_LOOP('',(#212,#213,#214,#215,#216));
#667=EDGE_LOOP('',(#217,#218,#219,#220,#221,#222,#223,#224,#225,#226,#227,
#228,#229));
#668=EDGE_LOOP('',(#230,#231,#232,#233,#234,#235));
#669=EDGE_LOOP('',(#236,#237,#238,#239,#240,#241,#242,#243,#244,#245,#246,
#247,#248));
#670=EDGE_LOOP('',(#249,#250,#251,#252,#253,#254));
#671=EDGE_LOOP('',(#255,#256,#257));
#672=EDGE_LOOP('',(#258,#259,#260,#261));
#673=EDGE_LOOP('',(#262,#263,#264,#265));
#674=EDGE_LOOP('',(#266,#267,#268));
#675=EDGE_LOOP('',(#269,#270,#271,#272));
#676=EDGE_LOOP('',(#273,#274,#275,#276));
#677=EDGE_LOOP('',(#277,#278,#279,#280));
#678=EDGE_LOOP('',(#281,#282,#283,#284));
#679=EDGE_LOOP('',(#285,#286,#287));
#680=EDGE_LOOP('',(#288,#289,#290,#291));
#681=EDGE_LOOP('',(#292,#293,#294,#295));
#682=EDGE_LOOP('',(#296,#297,#298));
#683=EDGE_LOOP('',(#299,#300,#301,#302,#303,#304,#305,#306,#307,#308,#309,
#310,#311,#312,#313,#314,#315,#316));
#684=EDGE_LOOP('',(#317));
#685=EDGE_LOOP('',(#318));
#686=EDGE_LOOP('',(#319,#320,#321,#322));
#687=EDGE_LOOP('',(#323,#324,#325,#326,#327,#328,#329,#330));
#688=EDGE_LOOP('',(#331,#332,#333,#334));
#689=EDGE_LOOP('',(#335,#336,#337,#338));
#690=EDGE_LOOP('',(#339,#340,#341,#342));
#691=EDGE_LOOP('',(#343,#344,#345,#346));
#692=EDGE_LOOP('',(#347,#348,#349,#350));
#693=EDGE_LOOP('',(#351,#352,#353,#354));
#694=EDGE_LOOP('',(#355,#356,#357,#358));
#695=EDGE_LOOP('',(#359,#360,#361,#362));
#696=EDGE_LOOP('',(#363,#364,#365,#366));
#697=EDGE_LOOP('',(#367,#368,#369,#370));
#698=FACE_BOUND('',#645,.T.);
#699=FACE_BOUND('',#646,.T.);
#700=FACE_BOUND('',#647,.T.);
#701=FACE_BOUND('',#83,.T.);
#702=FACE_BOUND('',#648,.T.);
#703=FACE_BOUND('',#649,.T.);
#704=FACE_BOUND('',#650,.T.);
#705=FACE_BOUND('',#651,.T.);
#706=FACE_BOUND('',#652,.T.);
#707=FACE_BOUND('',#653,.T.);
#708=FACE_BOUND('',#654,.T.);
#709=FACE_BOUND('',#655,.T.);
#710=FACE_BOUND('',#656,.T.);
#711=FACE_BOUND('',#657,.T.);
#712=FACE_BOUND('',#658,.T.);
#713=FACE_BOUND('',#659,.T.);
#714=FACE_BOUND('',#660,.T.);
#715=FACE_BOUND('',#661,.T.);
#716=FACE_BOUND('',#662,.T.);
#717=FACE_BOUND('',#663,.T.);
#718=FACE_BOUND('',#664,.T.);
#719=FACE_BOUND('',#665,.T.);
#720=FACE_BOUND('',#666,.T.);
#721=FACE_BOUND('',#667,.T.);
#722=FACE_BOUND('',#668,.T.);
#723=FACE_BOUND('',#669,.T.);
#724=FACE_BOUND('',#670,.T.);
#725=FACE_BOUND('',#671,.T.);
#726=FACE_BOUND('',#672,.T.);
#727=FACE_BOUND('',#673,.T.);
#728=FACE_BOUND('',#674,.T.);
#729=FACE_BOUND('',#675,.T.);
#730=FACE_BOUND('',#676,.T.);
#731=FACE_BOUND('',#677,.T.);
#732=FACE_BOUND('',#678,.T.);
#733=FACE_BOUND('',#679,.T.);
#734=FACE_BOUND('',#680,.T.);
#735=FACE_BOUND('',#681,.T.);
#736=FACE_BOUND('',#682,.T.);
#737=FACE_BOUND('',#683,.T.);
#738=FACE_BOUND('',#684,.T.);
#739=FACE_BOUND('',#685,.T.);
#740=FACE_BOUND('',#686,.T.);
#741=FACE_BOUND('',#687,.T.);
#742=FACE_BOUND('',#688,.T.);
#743=FACE_BOUND('',#689,.T.);
#744=FACE_BOUND('',#690,.T.);
#745=FACE_BOUND('',#691,.T.);
#746=FACE_BOUND('',#692,.T.);
#747=FACE_BOUND('',#693,.T.);
#748=FACE_BOUND('',#694,.T.);
#749=FACE_BOUND('',#695,.T.);
#750=FACE_BOUND('',#696,.T.);
#751=FACE_BOUND('',#697,.T.);
#752=(
BOUNDED_SURFACE()
B_SPLINE_SURFACE(3,3,((#1044,#1045,#1046,#1047),(#1048,#1049,#1050,#1051),
(#1052,#1053,#1054,#1055),(#1056,#1057,#1058,#1059)),
 .SURF_OF_REVOLUTION.,.F.,.F.,.F.)
B_SPLINE_SURFACE_WITH_KNOTS((4,4),(4,4),(5.88625169521394,6.04278922296509),
(0.,1.),.PIECEWISE_BEZIER_KNOTS.)
GEOMETRIC_REPRESENTATION_ITEM()
RATIONAL_B_SPLINE_SURFACE(((1.,0.984484116932665,0.984484116932665,1.),
(1.,0.984484116932665,0.984484116932665,1.),(1.,0.984484116932665,0.984484116932665,
1.),(1.,0.984484116932665,0.984484116932665,1.)))
REPRESENTATION_ITEM('')
SURFACE()
);
#753=(
BOUNDED_SURFACE()
B_SPLINE_SURFACE(3,3,((#1074,#1075,#1076,#1077),(#1078,#1079,#1080,#1081),
(#1082,#1083,#1084,#1085),(#1086,#1087,#1088,#1089)),
 .SURF_OF_REVOLUTION.,.F.,.F.,.F.)
B_SPLINE_SURFACE_WITH_KNOTS((4,4),(4,4),(5.88625169521394,6.04278922296487),
(0.,1.),.PIECEWISE_BEZIER_KNOTS.)
GEOMETRIC_REPRESENTATION_ITEM()
RATIONAL_B_SPLINE_SURFACE(((1.,0.984484116932917,0.984484116932917,1.),
(1.,0.984484116932917,0.984484116932917,1.),(1.,0.984484116932917,0.984484116932917,
1.),(1.,0.984484116932917,0.984484116932917,1.)))
REPRESENTATION_ITEM('')
SURFACE()
);
#754=(
BOUNDED_SURFACE()
B_SPLINE_SURFACE(3,3,((#1436,#1437,#1438,#1439),(#1440,#1441,#1442,#1443),
(#1444,#1445,#1446,#1447),(#1448,#1449,#1450,#1451)),
 .SURF_OF_REVOLUTION.,.F.,.F.,.F.)
B_SPLINE_SURFACE_WITH_KNOTS((4,4),(4,4),(5.75285365007346,6.04278922296591),
(0.,1.),.PIECEWISE_BEZIER_KNOTS.)
GEOMETRIC_REPRESENTATION_ITEM()
RATIONAL_B_SPLINE_SURFACE(((1.,0.758544206920235,0.758544206920235,1.),
(1.,0.758544206920235,0.758544206920235,1.),(1.,0.758544206920235,0.758544206920235,
1.),(1.,0.758544206920235,0.758544206920235,1.)))
REPRESENTATION_ITEM('')
SURFACE()
);
#755=(
BOUNDED_SURFACE()
B_SPLINE_SURFACE(3,2,((#1635,#1636,#1637),(#1638,#1639,#1640),(#1641,#1642,
#1643),(#1644,#1645,#1646),(#1647,#1648,#1649),(#1650,#1651,#1652),(#1653,
#1654,#1655),(#1656,#1657,#1658),(#1659,#1660,#1661),(#1662,#1663,#1664),
(#1665,#1666,#1667),(#1668,#1669,#1670),(#1671,#1672,#1673),(#1674,#1675,
#1676),(#1677,#1678,#1679),(#1680,#1681,#1682),(#1683,#1684,#1685),(#1686,
#1687,#1688),(#1689,#1690,#1691),(#1692,#1693,#1694),(#1695,#1696,#1697),
(#1698,#1699,#1700),(#1701,#1702,#1703),(#1704,#1705,#1706),(#1707,#1708,
#1709),(#1710,#1711,#1712),(#1713,#1714,#1715),(#1716,#1717,#1718),(#1719,
#1720,#1721),(#1722,#1723,#1724),(#1725,#1726,#1727),(#1728,#1729,#1730),
(#1731,#1732,#1733),(#1734,#1735,#1736),(#1737,#1738,#1739)),
 .UNSPECIFIED.,.F.,.F.,.F.)
B_SPLINE_SURFACE_WITH_KNOTS((4,1,1,1,1,1,1,1,1,1,1,1,1,1,1,1,1,1,1,1,1,
1,1,1,1,1,1,1,1,1,1,1,4),(3,3),(0.00953725374722689,0.0139736902860733,
0.0184101268249196,0.022846563363766,0.0272829999026124,0.0317194364414587,
0.0361558729803051,0.0405923095191515,0.0450287460579978,0.0494651825968442,
0.0539016191356906,0.0583380556745369,0.0627744922133833,0.0672109287522297,
0.071647365291076,0.0760838018299224,0.0805202383687688,0.0849566749076151,
0.0893931114464615,0.0938295479853079,0.0982659845241542,0.102702421063001,
0.107138857601847,0.111575294140693,0.11601173067954,0.120448167218386,
0.124884603757232,0.129321040296079,0.133757476834925,0.138193913373772,
0.142630349912618,0.147066786451464,0.151503222990311),(0.,1.),
 .UNSPECIFIED.)
GEOMETRIC_REPRESENTATION_ITEM()
RATIONAL_B_SPLINE_SURFACE(((1.,0.817209165272579,1.),(1.,0.816776912522233,
1.),(1.,0.815831272261834,1.),(1.,0.814660139238938,1.),(1.,0.814381532988924,
1.),(1.,0.815581229688235,1.),(1.,0.818615565359022,1.),(1.,0.823787769208276,
1.),(1.,0.830802635065045,1.),(1.,0.83958551726134,1.),(1.,0.849295793771975,
1.),(1.,0.859686706799028,1.),(1.,0.86972242519687,1.),(1.,0.879181229814786,
1.),(1.,0.887099821314527,1.),(1.,0.893316907674225,1.),(1.,0.897148869066383,
1.),(1.,0.898526905709383,1.),(1.,0.897166727724258,1.),(1.,0.893331983208959,
1.),(1.,0.887128940844592,1.),(1.,0.879172161223467,1.),(1.,0.869726825364396,
1.),(1.,0.859655525966234,1.),(1.,0.849283423299605,1.),(1.,0.839563197551588,
1.),(1.,0.830794803058375,1.),(1.,0.823783663731424,1.),(1.,0.818616170560685,
1.),(1.,0.815581826506611,1.),(1.,0.814381818768804,1.),(1.,0.814660057011897,
1.),(1.,0.815830331066385,1.),(1.,0.816776492294708,1.),(1.,0.817209622817845,
1.)))
REPRESENTATION_ITEM('')
SURFACE()
);
#756=(
BOUNDED_SURFACE()
B_SPLINE_SURFACE(3,2,((#1801,#1802,#1803),(#1804,#1805,#1806),(#1807,#1808,
#1809),(#1810,#1811,#1812),(#1813,#1814,#1815),(#1816,#1817,#1818),(#1819,
#1820,#1821),(#1822,#1823,#1824),(#1825,#1826,#1827),(#1828,#1829,#1830),
(#1831,#1832,#1833),(#1834,#1835,#1836),(#1837,#1838,#1839),(#1840,#1841,
#1842),(#1843,#1844,#1845),(#1846,#1847,#1848),(#1849,#1850,#1851),(#1852,
#1853,#1854),(#1855,#1856,#1857),(#1858,#1859,#1860),(#1861,#1862,#1863),
(#1864,#1865,#1866),(#1867,#1868,#1869),(#1870,#1871,#1872),(#1873,#1874,
#1875),(#1876,#1877,#1878),(#1879,#1880,#1881),(#1882,#1883,#1884),(#1885,
#1886,#1887),(#1888,#1889,#1890),(#1891,#1892,#1893),(#1894,#1895,#1896),
(#1897,#1898,#1899),(#1900,#1901,#1902),(#1903,#1904,#1905)),
 .UNSPECIFIED.,.F.,.F.,.F.)
B_SPLINE_SURFACE_WITH_KNOTS((4,1,1,1,1,1,1,1,1,1,1,1,1,1,1,1,1,1,1,1,1,
1,1,1,1,1,1,1,1,1,1,1,4),(3,3),(0.00953725374722684,0.0139736902860732,
0.0184101268249196,0.022846563363766,0.0272829999026124,0.0317194364414588,
0.0361558729803051,0.0405923095191515,0.0450287460579979,0.0494651825968443,
0.0539016191356907,0.0583380556745371,0.0627744922133835,0.0672109287522299,
0.0716473652910762,0.0760838018299226,0.080520238368769,0.0849566749076154,
0.0893931114464618,0.0938295479853081,0.0982659845241545,0.102702421063001,
0.107138857601847,0.111575294140694,0.11601173067954,0.120448167218386,
0.124884603757233,0.129321040296079,0.133757476834926,0.138193913373772,
0.142630349912618,0.147066786451465,0.151503222990311),(0.,1.),
 .UNSPECIFIED.)
GEOMETRIC_REPRESENTATION_ITEM()
RATIONAL_B_SPLINE_SURFACE(((1.,0.817209165272579,1.),(1.,0.816776912523144,
1.),(1.,0.815831272261411,1.),(1.,0.814660139239051,1.),(1.,0.814381532988892,
1.),(1.,0.815581229688244,1.),(1.,0.81861556535902,1.),(1.,0.823787769208278,
1.),(1.,0.830802635065044,1.),(1.,0.839585517261341,1.),(1.,0.849295793771975,
1.),(1.,0.859686706799028,1.),(1.,0.86972242519687,1.),(1.,0.879181229814785,
1.),(1.,0.887099821314527,1.),(1.,0.893316907674225,1.),(1.,0.897148869066384,
1.),(1.,0.898526905709383,1.),(1.,0.897166727724258,1.),(1.,0.893331983208959,
1.),(1.,0.887128940844591,1.),(1.,0.879172161223467,1.),(1.,0.869726825364395,
1.),(1.,0.859655525966233,1.),(1.,0.849283423299605,1.),(1.,0.839563197551586,
1.),(1.,0.830794803058375,1.),(1.,0.823783663731424,1.),(1.,0.818616170560683,
1.),(1.,0.815581826506617,1.),(1.,0.814381818768779,1.),(1.,0.814660057011991,
1.),(1.,0.815830331066038,1.),(1.,0.816776492295455,1.),(1.,0.817209622817846,
1.)))
REPRESENTATION_ITEM('')
SURFACE()
);
#757=(
BOUNDED_SURFACE()
B_SPLINE_SURFACE(3,2,((#1967,#1968,#1969),(#1970,#1971,#1972),(#1973,#1974,
#1975),(#1976,#1977,#1978),(#1979,#1980,#1981),(#1982,#1983,#1984),(#1985,
#1986,#1987),(#1988,#1989,#1990),(#1991,#1992,#1993),(#1994,#1995,#1996)),
 .UNSPECIFIED.,.F.,.F.,.F.)
B_SPLINE_SURFACE_WITH_KNOTS((4,1,1,1,1,1,1,4),(3,3),(-3.4477629085039E-17,
0.00136434082097576,0.00272868164195156,0.00409302246292735,0.00545736328390315,
0.00682170410487895,0.00818604492585474,0.0109147265678063),(0.,1.),
 .UNSPECIFIED.)
GEOMETRIC_REPRESENTATION_ITEM()
RATIONAL_B_SPLINE_SURFACE(((1.,0.707106781186549,1.),(1.,0.719891499353505,
1.),(1.,0.752493273525861,1.),(1.,0.809379946571552,1.),(1.,0.862987860788087,
1.),(1.,0.910600569188837,1.),(1.,0.948703661738778,1.),(1.,0.987233758973631,
1.),(1.,0.999999999852264,1.),(1.,1.,1.)))
REPRESENTATION_ITEM('')
SURFACE()
);
#758=(
BOUNDED_SURFACE()
B_SPLINE_SURFACE(3,2,((#1998,#1999,#2000),(#2001,#2002,#2003),(#2004,#2005,
#2006),(#2007,#2008,#2009),(#2010,#2011,#2012),(#2013,#2014,#2015),(#2016,
#2017,#2018),(#2019,#2020,#2021)),.UNSPECIFIED.,.F.,.F.,.F.)
B_SPLINE_SURFACE_WITH_KNOTS((4,1,1,1,1,4),(3,3),(-4.33680868994202E-18,
0.00154591380870282,0.00309182761740565,0.00386478452175706,0.00463774142610847,
0.0061836552348113),(0.,1.),.UNSPECIFIED.)
GEOMETRIC_REPRESENTATION_ITEM()
RATIONAL_B_SPLINE_SURFACE(((1.,0.707106781186548,1.),(1.,0.707106781186548,
1.),(1.,0.707106781186548,1.),(1.,0.707106781186548,1.),(1.,0.707106781186548,
1.),(1.,0.707106781186548,1.),(1.,0.707106781186548,1.),(1.,0.707106781186548,
1.)))
REPRESENTATION_ITEM('')
SURFACE()
);
#759=(
BOUNDED_SURFACE()
B_SPLINE_SURFACE(3,2,((#2024,#2025,#2026),(#2027,#2028,#2029),(#2030,#2031,
#2032),(#2033,#2034,#2035),(#2036,#2037,#2038),(#2039,#2040,#2041),(#2042,
#2043,#2044),(#2045,#2046,#2047),(#2048,#2049,#2050),(#2051,#2052,#2053)),
 .UNSPECIFIED.,.F.,.F.,.F.)
B_SPLINE_SURFACE_WITH_KNOTS((4,1,1,1,1,1,1,4),(3,3),(-3.07913416985883E-17,
0.00136434082097576,0.00272868164195155,0.00409302246292734,0.00545736328390313,
0.00682170410487892,0.00818604492585472,0.0109147265678063),(0.,1.),
 .UNSPECIFIED.)
GEOMETRIC_REPRESENTATION_ITEM()
RATIONAL_B_SPLINE_SURFACE(((1.,0.707106781186547,1.),(1.,0.719891499355224,
1.),(1.,0.752493273525064,1.),(1.,0.809379946571764,1.),(1.,0.86298786078803,
1.),(1.,0.910600569188852,1.),(1.,0.948703661738775,1.),(1.,0.987233758973633,
1.),(1.,0.999999999852264,1.),(1.,1.,1.)))
REPRESENTATION_ITEM('')
SURFACE()
);
#760=(
BOUNDED_SURFACE()
B_SPLINE_SURFACE(3,2,((#2055,#2056,#2057),(#2058,#2059,#2060),(#2061,#2062,
#2063),(#2064,#2065,#2066),(#2067,#2068,#2069),(#2070,#2071,#2072),(#2073,
#2074,#2075)),.UNSPECIFIED.,.F.,.F.,.F.)
B_SPLINE_SURFACE_WITH_KNOTS((4,1,1,1,4),(3,3),(7.37257477290143E-17,0.0015498492811081,
0.00309969856221613,0.00464954784332417,0.0061993971244322),(0.,1.),
 .UNSPECIFIED.)
GEOMETRIC_REPRESENTATION_ITEM()
RATIONAL_B_SPLINE_SURFACE(((1.,0.707106781186548,1.),(1.,0.707106781186548,
1.),(1.,0.707106781186548,1.),(1.,0.707106781186547,1.),(1.,0.707106781186548,
1.),(1.,0.707106781186548,1.),(1.,0.707106781186548,1.)))
REPRESENTATION_ITEM('')
SURFACE()
);
#761=(
BOUNDED_SURFACE()
B_SPLINE_SURFACE(3,2,((#2080,#2081,#2082),(#2083,#2084,#2085),(#2086,#2087,
#2088),(#2089,#2090,#2091),(#2092,#2093,#2094),(#2095,#2096,#2097),(#2098,
#2099,#2100),(#2101,#2102,#2103)),.UNSPECIFIED.,.F.,.F.,.F.)
B_SPLINE_SURFACE_WITH_KNOTS((4,1,1,1,1,4),(3,3),(-4.33680868994202E-18,
0.00154591380870282,0.00309182761740564,0.00386478452175705,0.00463774142610847,
0.00618365523481129),(0.,1.),.UNSPECIFIED.)
GEOMETRIC_REPRESENTATION_ITEM()
RATIONAL_B_SPLINE_SURFACE(((1.,0.707106781186548,1.),(1.,0.707106781186548,
1.),(1.,0.707106781186548,1.),(1.,0.707106781186547,1.),(1.,0.707106781186548,
1.),(1.,0.707106781186548,1.),(1.,0.707106781186548,1.),(1.,0.707106781186548,
1.)))
REPRESENTATION_ITEM('')
SURFACE()
);
#762=(
BOUNDED_SURFACE()
B_SPLINE_SURFACE(3,2,((#2105,#2106,#2107),(#2108,#2109,#2110),(#2111,#2112,
#2113),(#2114,#2115,#2116),(#2117,#2118,#2119),(#2120,#2121,#2122),(#2123,
#2124,#2125),(#2126,#2127,#2128),(#2129,#2130,#2131),(#2132,#2133,#2134)),
 .UNSPECIFIED.,.F.,.F.,.F.)
B_SPLINE_SURFACE_WITH_KNOTS((4,1,1,1,1,1,1,4),(3,3),(-2.99239799605999E-17,
0.00136434082097576,0.00272868164195155,0.00409302246292734,0.00545736328390313,
0.00682170410487892,0.00818604492585471,0.0109147265678063),(0.,1.),
 .UNSPECIFIED.)
GEOMETRIC_REPRESENTATION_ITEM()
RATIONAL_B_SPLINE_SURFACE(((1.,0.707106781186547,1.),(1.,0.71989149935548,
1.),(1.,0.752493273524944,1.),(1.,0.809379946571797,1.),(1.,0.862987860788021,
1.),(1.,0.910600569188855,1.),(1.,0.948703661738773,1.),(1.,0.987233758973633,
1.),(1.,0.999999999852264,1.),(1.,1.,1.)))
REPRESENTATION_ITEM('')
SURFACE()
);
#763=(
BOUNDED_SURFACE()
B_SPLINE_SURFACE(3,2,((#2137,#2138,#2139),(#2140,#2141,#2142),(#2143,#2144,
#2145),(#2146,#2147,#2148),(#2149,#2150,#2151),(#2152,#2153,#2154),(#2155,
#2156,#2157)),.UNSPECIFIED.,.F.,.F.,.F.)
B_SPLINE_SURFACE_WITH_KNOTS((4,1,1,1,4),(3,3),(7.87130777224476E-17,0.0015498492811081,
0.00309969856221611,0.00464954784332413,0.00619939712443215),(0.,1.),
 .UNSPECIFIED.)
GEOMETRIC_REPRESENTATION_ITEM()
RATIONAL_B_SPLINE_SURFACE(((1.,0.707106781186548,1.),(1.,0.707106781186548,
1.),(1.,0.707106781186547,1.),(1.,0.707106781186548,1.),(1.,0.707106781186548,
1.),(1.,0.707106781186548,1.),(1.,0.707106781186548,1.)))
REPRESENTATION_ITEM('')
SURFACE()
);
#764=(
BOUNDED_SURFACE()
B_SPLINE_SURFACE(3,2,((#2159,#2160,#2161),(#2162,#2163,#2164),(#2165,#2166,
#2167),(#2168,#2169,#2170),(#2171,#2172,#2173),(#2174,#2175,#2176),(#2177,
#2178,#2179),(#2180,#2181,#2182),(#2183,#2184,#2185),(#2186,#2187,#2188)),
 .UNSPECIFIED.,.F.,.F.,.F.)
B_SPLINE_SURFACE_WITH_KNOTS((4,1,1,1,1,1,1,4),(3,3),(-3.18755438710738E-17,
0.00136434082097576,0.00272868164195155,0.00409302246292734,0.00545736328390313,
0.00682170410487892,0.00818604492585471,0.0109147265678063),(0.,1.),
 .UNSPECIFIED.)
GEOMETRIC_REPRESENTATION_ITEM()
RATIONAL_B_SPLINE_SURFACE(((1.,0.707106781186547,1.),(1.,0.719891499355634,
1.),(1.,0.752493273524873,1.),(1.,0.809379946571816,1.),(1.,0.862987860788016,
1.),(1.,0.910600569188856,1.),(1.,0.948703661738773,1.),(1.,0.987233758973634,
1.),(1.,0.999999999852264,1.),(1.,1.,1.)))
REPRESENTATION_ITEM('')
SURFACE()
);
#765=(
BOUNDED_SURFACE()
B_SPLINE_SURFACE(3,2,((#2366,#2367,#2368),(#2369,#2370,#2371),(#2372,#2373,
#2374),(#2375,#2376,#2377),(#2378,#2379,#2380),(#2381,#2382,#2383),(#2384,
#2385,#2386)),.UNSPECIFIED.,.F.,.F.,.F.)
B_SPLINE_SURFACE_WITH_KNOTS((4,1,1,1,4),(3,3),(-8.06646416329215E-17,0.00243247585915119,
0.00486495171830246,0.00729742757745373,0.009729903436605),(0.,1.),
 .UNSPECIFIED.)
GEOMETRIC_REPRESENTATION_ITEM()
RATIONAL_B_SPLINE_SURFACE(((1.,0.886055318192696,1.),(1.,0.888685089121547,
1.),(1.,0.897339393208616,1.),(1.,0.918793875269044,1.),(1.,0.94183957312396,
1.),(1.,0.948254221207497,1.),(1.,0.946904318431186,1.)))
REPRESENTATION_ITEM('')
SURFACE()
);
#766=(
BOUNDED_SURFACE()
B_SPLINE_SURFACE(3,2,((#2389,#2390,#2391),(#2392,#2393,#2394),(#2395,#2396,
#2397),(#2398,#2399,#2400),(#2401,#2402,#2403),(#2404,#2405,#2406),(#2407,
#2408,#2409),(#2410,#2411,#2412)),.UNSPECIFIED.,.F.,.F.,.F.)
B_SPLINE_SURFACE_WITH_KNOTS((4,1,1,1,1,4),(3,3),(0.,0.00213821392799217,
0.00427642785598434,0.00855285571196868,0.012829283567953,0.0171057114239374),
(0.,1.),.UNSPECIFIED.)
GEOMETRIC_REPRESENTATION_ITEM()
RATIONAL_B_SPLINE_SURFACE(((1.,0.946904318431186,1.),(1.,0.949749258711387,
1.),(1.,0.951642357569295,1.),(1.,0.939954131122954,1.),(1.,0.90460375351989,
1.),(1.,0.847839778258188,1.),(1.,0.80735032081816,1.),(1.,0.787538753287591,
1.)))
REPRESENTATION_ITEM('')
SURFACE()
);
#767=(
BOUNDED_SURFACE()
B_SPLINE_SURFACE(3,2,((#2414,#2415,#2416),(#2417,#2418,#2419),(#2420,#2421,
#2422),(#2423,#2424,#2425),(#2426,#2427,#2428),(#2429,#2430,#2431),(#2432,
#2433,#2434)),.UNSPECIFIED.,.F.,.F.,.F.)
B_SPLINE_SURFACE_WITH_KNOTS((4,1,1,1,4),(3,3),(-2.60208521396521E-18,0.00286786131823994,
0.00573572263647989,0.00860358395471983,0.0114714452729598),(0.,1.),
 .UNSPECIFIED.)
GEOMETRIC_REPRESENTATION_ITEM()
RATIONAL_B_SPLINE_SURFACE(((1.,0.8860553181927,1.),(1.,0.888117993813587,
1.),(1.,0.887965781112427,1.),(1.,0.875752070779439,1.),(1.,0.854804210899342,
1.),(1.,0.837346269311721,1.),(1.,0.828080185764488,1.)))
REPRESENTATION_ITEM('')
SURFACE()
);
#768=(
BOUNDED_SURFACE()
B_SPLINE_SURFACE(3,2,((#2439,#2440,#2441),(#2442,#2443,#2444),(#2445,#2446,
#2447),(#2448,#2449,#2450),(#2451,#2452,#2453),(#2454,#2455,#2456),(#2457,
#2458,#2459),(#2460,#2461,#2462),(#2463,#2464,#2465)),.UNSPECIFIED.,.F.,
 .F.,.F.)
B_SPLINE_SURFACE_WITH_KNOTS((4,1,1,1,1,1,4),(3,3),(-1.56125112837913E-17,
0.0115004394827435,0.0172506592241152,0.023000878965487,0.0345013184482305,
0.0402515381896023,0.046001757930974),(0.,1.),.UNSPECIFIED.)
GEOMETRIC_REPRESENTATION_ITEM()
RATIONAL_B_SPLINE_SURFACE(((1.,0.787538753287581,1.),(1.,0.786150955688785,
1.),(1.,0.784662739188587,1.),(1.,0.78366916203564,1.),(1.,0.783341560315551,
1.),(1.,0.783977553012662,1.),(1.,0.785651168322334,1.),(1.,0.786845406043102,
1.),(1.,0.787538753287559,1.)))
REPRESENTATION_ITEM('')
SURFACE()
);
#769=(
BOUNDED_SURFACE()
B_SPLINE_SURFACE(3,2,((#2467,#2468,#2469),(#2470,#2471,#2472),(#2473,#2474,
#2475),(#2476,#2477,#2478)),.UNSPECIFIED.,.F.,.F.,.F.)
B_SPLINE_SURFACE_WITH_KNOTS((4,4),(3,3),(-2.14984280377805E-14,0.00413854554794999),
(0.,1.),.PIECEWISE_BEZIER_KNOTS.)
GEOMETRIC_REPRESENTATION_ITEM()
RATIONAL_B_SPLINE_SURFACE(((1.,0.785915873431483,1.),(1.,0.802154312763101,
1.),(1.,0.816320567163714,1.),(1.,0.82808018576448,1.)))
REPRESENTATION_ITEM('')
SURFACE()
);
#770=(
BOUNDED_SURFACE()
B_SPLINE_SURFACE(3,2,((#2484,#2485,#2486),(#2487,#2488,#2489),(#2490,#2491,
#2492),(#2493,#2494,#2495),(#2496,#2497,#2498),(#2499,#2500,#2501),(#2502,
#2503,#2504),(#2505,#2506,#2507)),.UNSPECIFIED.,.F.,.F.,.F.)
B_SPLINE_SURFACE_WITH_KNOTS((4,1,1,1,1,4),(3,3),(-2.3635607360184E-17,0.00423820062357734,
0.00847640124715471,0.0127146018707321,0.0148337021825208,0.0169528024943094),
(0.,1.),.UNSPECIFIED.)
GEOMETRIC_REPRESENTATION_ITEM()
RATIONAL_B_SPLINE_SURFACE(((1.,0.787538753287588,1.),(1.,0.807325467078501,
1.),(1.,0.84771863133918,1.),(1.,0.904464378254467,1.),(1.,0.939735267092215,
1.),(1.,0.951648135247503,1.),(1.,0.949761926121372,1.),(1.,0.946904318431185,
1.)))
REPRESENTATION_ITEM('')
SURFACE()
);
#771=(
BOUNDED_SURFACE()
B_SPLINE_SURFACE(3,2,((#2509,#2510,#2511),(#2512,#2513,#2514),(#2515,#2516,
#2517),(#2518,#2519,#2520),(#2521,#2522,#2523),(#2524,#2525,#2526),(#2527,
#2528,#2529),(#2530,#2531,#2532),(#2533,#2534,#2535),(#2536,#2537,#2538),
(#2539,#2540,#2541),(#2542,#2543,#2544),(#2545,#2546,#2547),(#2548,#2549,
#2550),(#2551,#2552,#2553),(#2554,#2555,#2556),(#2557,#2558,#2559),(#2560,
#2561,#2562)),.UNSPECIFIED.,.F.,.F.,.F.)
B_SPLINE_SURFACE_WITH_KNOTS((4,1,1,1,1,1,1,1,1,1,1,1,1,1,1,4),(3,3),(0.00279824771254088,
0.00772694810497109,0.0126556484974013,0.0225130492822617,0.0274417496746919,
0.0323704500671222,0.0372991504595524,0.0422278508519826,0.0471565512444128,
0.052085251636843,0.0570139520292732,0.0619426524217034,0.0668713528141336,
0.0718000532065639,0.0767287535989941,0.0816574539914243),(0.,1.),
 .UNSPECIFIED.)
GEOMETRIC_REPRESENTATION_ITEM()
RATIONAL_B_SPLINE_SURFACE(((1.,0.78591587342371,1.),(1.,0.768543673185216,
1.),(1.,0.732470853879338,1.),(1.,0.661213452047288,1.),(1.,0.593174994027806,
1.),(1.,0.538022225091773,1.),(1.,0.504864572357704,1.),(1.,0.483533143383474,
1.),(1.,0.476149605090165,1.),(1.,0.483411642295023,1.),(1.,0.504925794847945,
1.),(1.,0.537649516726246,1.),(1.,0.579243862696063,1.),(1.,0.62733548850336,
1.),(1.,0.678592937523315,1.),(1.,0.732726635432084,1.),(1.,0.768302925423892,
1.),(1.,0.785915873436739,1.)))
REPRESENTATION_ITEM('')
SURFACE()
);
#772=(
BOUNDED_SURFACE()
B_SPLINE_SURFACE(3,2,((#2568,#2569,#2570),(#2571,#2572,#2573),(#2574,#2575,
#2576),(#2577,#2578,#2579),(#2580,#2581,#2582),(#2583,#2584,#2585)),
 .UNSPECIFIED.,.F.,.F.,.F.)
B_SPLINE_SURFACE_WITH_KNOTS((4,1,1,4),(3,3),(-4.49727061146987E-16,0.00243517523117987,
0.00487035046236018,0.00974070092472082),(0.,1.),.UNSPECIFIED.)
GEOMETRIC_REPRESENTATION_ITEM()
RATIONAL_B_SPLINE_SURFACE(((1.,0.946904318431173,1.),(1.,0.948256086040758,
1.),(1.,0.941935150724622,1.),(1.,0.911064674447607,1.),(1.,0.891308297743908,
1.),(1.,0.886055318192695,1.)))
REPRESENTATION_ITEM('')
SURFACE()
);
#773=(
BOUNDED_SURFACE()
B_SPLINE_SURFACE(3,2,((#2587,#2588,#2589),(#2590,#2591,#2592),(#2593,#2594,
#2595),(#2596,#2597,#2598)),.UNSPECIFIED.,.F.,.F.,.F.)
B_SPLINE_SURFACE_WITH_KNOTS((4,4),(3,3),(0.,0.00413854554671832),(0.,1.),
 .PIECEWISE_BEZIER_KNOTS.)
GEOMETRIC_REPRESENTATION_ITEM()
RATIONAL_B_SPLINE_SURFACE(((1.,0.828080185764495,1.),(1.,0.816320567137883,
1.),(1.,0.802154331411181,1.),(1.,0.785915873437282,1.)))
REPRESENTATION_ITEM('')
SURFACE()
);
#774=(
BOUNDED_SURFACE()
B_SPLINE_SURFACE(3,2,((#2603,#2604,#2605),(#2606,#2607,#2608),(#2609,#2610,
#2611),(#2612,#2613,#2614),(#2615,#2616,#2617),(#2618,#2619,#2620)),
 .UNSPECIFIED.,.F.,.F.,.F.)
B_SPLINE_SURFACE_WITH_KNOTS((4,1,1,4),(3,3),(0.00132387062848767,0.00706612622243429,
0.0099372540194076,0.0128083818163809),(0.,1.),.UNSPECIFIED.)
GEOMETRIC_REPRESENTATION_ITEM()
RATIONAL_B_SPLINE_SURFACE(((1.,0.828080185763752,1.),(1.,0.846491875343208,
1.),(1.,0.871567012348207,1.),(1.,0.887939254091633,1.),(1.,0.88811972297361,
1.),(1.,0.886055318192697,1.)))
REPRESENTATION_ITEM('')
SURFACE()
);
#775=ADVANCED_FACE('',(#698),#752,.T.);
#776=ADVANCED_FACE('',(#699),#753,.T.);
#777=ADVANCED_FACE('',(#700,#701),#84,.T.);
#778=ADVANCED_FACE('',(#702),#71,.T.);
#779=ADVANCED_FACE('',(#703),#72,.T.);
#780=ADVANCED_FACE('',(#704),#73,.F.);
#781=ADVANCED_FACE('',(#705),#74,.F.);
#782=ADVANCED_FACE('',(#706),#16,.T.);
#783=ADVANCED_FACE('',(#707),#17,.T.);
#784=ADVANCED_FACE('',(#708),#18,.T.);
#785=ADVANCED_FACE('',(#709),#19,.T.);
#786=ADVANCED_FACE('',(#710),#754,.T.);
#787=ADVANCED_FACE('',(#711),#75,.F.);
#788=ADVANCED_FACE('',(#712),#20,.T.);
#789=ADVANCED_FACE('',(#713),#85,.F.);
#790=ADVANCED_FACE('',(#714),#76,.T.);
#791=ADVANCED_FACE('',(#715),#77,.F.);
#792=ADVANCED_FACE('',(#716),#86,.F.);
#793=ADVANCED_FACE('',(#717),#21,.T.);
#794=ADVANCED_FACE('',(#718),#78,.T.);
#795=ADVANCED_FACE('',(#719),#79,.T.);
#796=ADVANCED_FACE('',(#720),#80,.F.);
#797=ADVANCED_FACE('',(#721),#755,.F.);
#798=ADVANCED_FACE('',(#722),#22,.T.);
#799=ADVANCED_FACE('',(#723),#756,.F.);
#800=ADVANCED_FACE('',(#724),#23,.T.);
#801=ADVANCED_FACE('',(#725),#757,.T.);
#802=ADVANCED_FACE('',(#726),#758,.T.);
#803=ADVANCED_FACE('',(#727),#12,.T.);
#804=ADVANCED_FACE('',(#728),#759,.T.);
#805=ADVANCED_FACE('',(#729),#760,.T.);
#806=ADVANCED_FACE('',(#730),#13,.T.);
#807=ADVANCED_FACE('',(#731),#14,.T.);
#808=ADVANCED_FACE('',(#732),#761,.T.);
#809=ADVANCED_FACE('',(#733),#762,.T.);
#810=ADVANCED_FACE('',(#734),#15,.T.);
#811=ADVANCED_FACE('',(#735),#763,.T.);
#812=ADVANCED_FACE('',(#736),#764,.T.);
#813=ADVANCED_FACE('',(#737,#738),#87,.F.);
#814=ADVANCED_FACE('',(#739),#81,.F.);
#815=ADVANCED_FACE('',(#740),#82,.F.);
#816=ADVANCED_FACE('',(#741),#24,.F.);
#817=ADVANCED_FACE('',(#742),#765,.T.);
#818=ADVANCED_FACE('',(#743),#766,.T.);
#819=ADVANCED_FACE('',(#744),#767,.T.);
#820=ADVANCED_FACE('',(#745),#768,.T.);
#821=ADVANCED_FACE('',(#746),#769,.T.);
#822=ADVANCED_FACE('',(#747),#770,.T.);
#823=ADVANCED_FACE('',(#748),#771,.T.);
#824=ADVANCED_FACE('',(#749),#772,.T.);
#825=ADVANCED_FACE('',(#750),#773,.T.);
#826=ADVANCED_FACE('',(#751),#774,.T.);
#827=CLOSED_SHELL('',(#775,#776,#777,#778,#779,#780,#781,#782,#783,#784,
#785,#786,#787,#788,#789,#790,#791,#792,#793,#794,#795,#796,#797,#798,#799,
#800,#801,#802,#803,#804,#805,#806,#807,#808,#809,#810,#811,#812,#813,#814,
#815,#816,#817,#818,#819,#820,#821,#822,#823,#824,#825,#826));
#828=STYLED_ITEM('',(#829),#836);
#829=PRESENTATION_STYLE_ASSIGNMENT((#830));
#830=SURFACE_STYLE_USAGE(.BOTH.,#831);
#831=SURFACE_SIDE_STYLE('',(#832));
#832=SURFACE_STYLE_FILL_AREA(#833);
#833=FILL_AREA_STYLE('',(#834));
#834=FILL_AREA_STYLE_COLOUR('',#835);
#835=COLOUR_RGB('',0.623529411764706,0.666666666666667,0.701960784313725);
#836=MANIFOLD_SOLID_BREP('soup_head',#827);
#837=SHAPE_DEFINITION_REPRESENTATION(#2627,#838);
#838=SHAPE_REPRESENTATION('soup_head',(#839),#2622);
#839=AXIS2_PLACEMENT_3D('',#1043,#900,#901);
#840=AXIS2_PLACEMENT_3D('',#1073,#902,#903);
#841=AXIS2_PLACEMENT_3D('',#1090,#904,#905);
#842=AXIS2_PLACEMENT_3D('',#1305,#906,#907);
#843=AXIS2_PLACEMENT_3D('',#1322,#908,#909);
#844=AXIS2_PLACEMENT_3D('',#1323,#910,#911);
#845=AXIS2_PLACEMENT_3D('',#1332,#913,#914);
#846=AXIS2_PLACEMENT_3D('',#1340,#916,#917);
#847=AXIS2_PLACEMENT_3D('',#1341,#918,#919);
#848=AXIS2_PLACEMENT_3D('',#1348,#920,#921);
#849=AXIS2_PLACEMENT_3D('',#1351,#923,#924);
#850=AXIS2_PLACEMENT_3D('',#1359,#926,#927);
#851=AXIS2_PLACEMENT_3D('',#1360,#928,#929);
#852=AXIS2_PLACEMENT_3D('',#1376,#931,#932);
#853=AXIS2_PLACEMENT_3D('',#1379,#934,#935);
#854=AXIS2_PLACEMENT_3D('',#1395,#937,#938);
#855=AXIS2_PLACEMENT_3D('',#1398,#940,#941);
#856=AXIS2_PLACEMENT_3D('',#1414,#943,#944);
#857=AXIS2_PLACEMENT_3D('',#1417,#946,#947);
#858=AXIS2_PLACEMENT_3D('',#1433,#949,#950);
#859=AXIS2_PLACEMENT_3D('',#1452,#952,#953);
#860=AXIS2_PLACEMENT_3D('',#1473,#954,#955);
#861=AXIS2_PLACEMENT_3D('',#1475,#957,#958);
#862=AXIS2_PLACEMENT_3D('',#1479,#960,#961);
#863=AXIS2_PLACEMENT_3D('',#1480,#962,#963);
#864=AXIS2_PLACEMENT_3D('',#1523,#964,#965);
#865=AXIS2_PLACEMENT_3D('',#1529,#966,#967);
#866=AXIS2_PLACEMENT_3D('',#1539,#969,#970);
#867=AXIS2_PLACEMENT_3D('',#1540,#971,#972);
#868=AXIS2_PLACEMENT_3D('',#1599,#975,#976);
#869=AXIS2_PLACEMENT_3D('',#1600,#977,#978);
#870=AXIS2_PLACEMENT_3D('',#1602,#980,#981);
#871=AXIS2_PLACEMENT_3D('',#1603,#982,#983);
#872=AXIS2_PLACEMENT_3D('',#1604,#984,#985);
#873=AXIS2_PLACEMENT_3D('',#1605,#986,#987);
#874=AXIS2_PLACEMENT_3D('',#1619,#989,#990);
#875=AXIS2_PLACEMENT_3D('',#1625,#991,#992);
#876=AXIS2_PLACEMENT_3D('',#1780,#994,#995);
#877=AXIS2_PLACEMENT_3D('',#1946,#996,#997);
#878=AXIS2_PLACEMENT_3D('',#1997,#998,#999);
#879=AXIS2_PLACEMENT_3D('',#2022,#1000,#1001);
#880=AXIS2_PLACEMENT_3D('',#2023,#1002,#1003);
#881=AXIS2_PLACEMENT_3D('',#2054,#1004,#1005);
#882=AXIS2_PLACEMENT_3D('',#2076,#1006,#1007);
#883=AXIS2_PLACEMENT_3D('',#2077,#1008,#1009);
#884=AXIS2_PLACEMENT_3D('',#2078,#1010,#1011);
#885=AXIS2_PLACEMENT_3D('',#2079,#1012,#1013);
#886=AXIS2_PLACEMENT_3D('',#2104,#1014,#1015);
#887=AXIS2_PLACEMENT_3D('',#2135,#1016,#1017);
#888=AXIS2_PLACEMENT_3D('',#2136,#1018,#1019);
#889=AXIS2_PLACEMENT_3D('',#2158,#1020,#1021);
#890=AXIS2_PLACEMENT_3D('',#2273,#1022,#1023);
#891=AXIS2_PLACEMENT_3D('',#2275,#1024,#1025);
#892=AXIS2_PLACEMENT_3D('',#2276,#1026,#1027);
#893=AXIS2_PLACEMENT_3D('',#2307,#1029,#1030);
#894=AXIS2_PLACEMENT_3D('',#2387,#1031,#1032);
#895=AXIS2_PLACEMENT_3D('',#2388,#1033,#1034);
#896=AXIS2_PLACEMENT_3D('',#2413,#1035,#1036);
#897=AXIS2_PLACEMENT_3D('',#2466,#1037,#1038);
#898=AXIS2_PLACEMENT_3D('',#2508,#1039,#1040);
#899=AXIS2_PLACEMENT_3D('',#2586,#1041,#1042);
#900=DIRECTION('',(0.,0.,1.));
#901=DIRECTION('',(1.,0.,0.));
#902=DIRECTION('',(0.,0.,1.));
#903=DIRECTION('',(1.,0.,0.));
#904=DIRECTION('',(0.,0.,1.));
#905=DIRECTION('',(1.,0.,0.));
#906=DIRECTION('',(0.,0.,1.));
#907=DIRECTION('',(1.,0.,0.));
#908=DIRECTION('',(0.576903649112946,0.,-0.816812205858952));
#909=DIRECTION('',(-0.816812205858952,0.,-0.576903649112946));
#910=DIRECTION('',(0.576903649112946,0.,-0.816812205858952));
#911=DIRECTION('',(-0.816812205858952,0.,-0.576903649112946));
#912=DIRECTION('',(0.,1.,0.));
#913=DIRECTION('',(0.576903649112946,0.,-0.816812205858952));
#914=DIRECTION('',(-0.816812205858952,0.,-0.576903649112946));
#915=DIRECTION('',(0.,1.,0.));
#916=DIRECTION('',(0.576903649112946,0.,-0.816812205858952));
#917=DIRECTION('',(0.816812205858952,0.,0.576903649112946));
#918=DIRECTION('',(0.576903649112946,0.,0.816812205858952));
#919=DIRECTION('',(0.816812205858952,0.,-0.576903649112946));
#920=DIRECTION('',(0.576903649112946,0.,0.816812205858952));
#921=DIRECTION('',(-0.816812205858952,0.,0.576903649112946));
#922=DIRECTION('',(0.,1.,0.));
#923=DIRECTION('',(0.576903649112946,0.,0.816812205858952));
#924=DIRECTION('',(0.816812205858952,0.,-0.576903649112946));
#925=DIRECTION('',(0.,1.,0.));
#926=DIRECTION('',(0.576903649112946,0.,0.816812205858952));
#927=DIRECTION('',(0.816812205858952,0.,-0.576903649112946));
#928=DIRECTION('',(-0.473679666178327,0.,-0.880697208948222));
#929=DIRECTION('',(-0.880697208948222,0.,0.473679666178327));
#930=DIRECTION('',(0.473679666178327,0.,0.880697208948222));
#931=DIRECTION('',(-0.473679666178329,2.41393035327336E-15,-0.880697208948222));
#932=DIRECTION('',(-0.880697208948222,0.,0.473679666178329));
#933=DIRECTION('',(0.473679666178327,0.,0.880697208948222));
#934=DIRECTION('',(0.473679666178327,0.,0.880697208948222));
#935=DIRECTION('',(0.880697208948222,0.,-0.473679666178327));
#936=DIRECTION('',(0.473679666178327,0.,0.880697208948222));
#937=DIRECTION('',(-0.473679666178327,0.,-0.880697208948223));
#938=DIRECTION('',(-0.880697208948223,0.,0.473679666178327));
#939=DIRECTION('',(0.473679666178327,0.,0.880697208948222));
#940=DIRECTION('',(0.47367966617833,0.,-0.880697208948221));
#941=DIRECTION('',(-0.880697208948221,0.,-0.47367966617833));
#942=DIRECTION('',(-0.47367966617833,0.,0.880697208948221));
#943=DIRECTION('',(-0.473679666178329,0.,0.880697208948222));
#944=DIRECTION('',(0.880697208948222,0.,0.473679666178329));
#945=DIRECTION('',(-0.47367966617833,0.,0.880697208948221));
#946=DIRECTION('',(-0.47367966617833,0.,0.880697208948221));
#947=DIRECTION('',(0.880697208948221,0.,0.47367966617833));
#948=DIRECTION('',(-0.47367966617833,0.,0.880697208948221));
#949=DIRECTION('',(-0.47367966617833,0.,0.880697208948221));
#950=DIRECTION('',(0.880697208948221,0.,0.47367966617833));
#951=DIRECTION('',(-0.47367966617833,0.,0.880697208948221));
#952=DIRECTION('',(0.,0.,1.));
#953=DIRECTION('',(1.,0.,0.));
#954=DIRECTION('',(-0.880697208948222,0.,0.473679666178327));
#955=DIRECTION('',(0.473679666178327,0.,0.880697208948222));
#956=DIRECTION('',(0.,1.,0.));
#957=DIRECTION('',(0.,1.,0.));
#958=DIRECTION('',(0.,0.,1.));
#959=DIRECTION('',(0.,1.,0.));
#960=DIRECTION('',(0.,-1.,0.));
#961=DIRECTION('',(0.,0.,-1.));
#962=DIRECTION('',(0.,-1.,0.));
#963=DIRECTION('',(0.,0.,-1.));
#964=DIRECTION('',(0.,-1.,0.));
#965=DIRECTION('',(1.,0.,0.));
#966=DIRECTION('',(0.,-1.,0.));
#967=DIRECTION('',(0.,0.,-1.));
#968=DIRECTION('',(-0.816812205858952,0.,-0.576903649112946));
#969=DIRECTION('',(0.,-1.,0.));
#970=DIRECTION('',(1.,0.,0.));
#971=DIRECTION('',(0.,-1.,0.));
#972=DIRECTION('',(0.,0.,-1.));
#973=DIRECTION('',(-0.816812205858952,0.,-0.576903649112946));
#974=DIRECTION('',(0.,1.,0.));
#975=DIRECTION('',(0.,1.,0.));
#976=DIRECTION('',(0.,0.,1.));
#977=DIRECTION('',(0.,-1.,0.));
#978=DIRECTION('',(0.,0.,-1.));
#979=DIRECTION('',(0.,1.,0.));
#980=DIRECTION('',(0.,-1.,0.));
#981=DIRECTION('',(0.,0.,-1.));
#982=DIRECTION('',(-0.880697208948221,0.,-0.47367966617833));
#983=DIRECTION('',(-0.47367966617833,0.,0.880697208948221));
#984=DIRECTION('',(0.,-1.,0.));
#985=DIRECTION('',(1.,0.,0.));
#986=DIRECTION('',(0.,-1.,0.));
#987=DIRECTION('',(0.,0.,-1.));
#988=DIRECTION('',(0.816812205858952,0.,-0.576903649112946));
#989=DIRECTION('',(0.,-1.,0.));
#990=DIRECTION('',(1.,0.,0.));
#991=DIRECTION('',(0.,-1.,0.));
#992=DIRECTION('',(0.,0.,-1.));
#993=DIRECTION('',(0.816812205858952,0.,-0.576903649112946));
#994=DIRECTION('',(-0.816812205858952,0.,-0.576903649112946));
#995=DIRECTION('',(-0.576903649112946,0.,0.816812205858952));
#996=DIRECTION('',(-0.816812205858952,0.,0.576903649112946));
#997=DIRECTION('',(0.576903649112946,0.,0.816812205858952));
#998=DIRECTION('',(0.868776799545988,0.,-0.495203869704822));
#999=DIRECTION('',(-0.495203869704822,0.,-0.868776799545988));
#1000=DIRECTION('',(-1.78231805164852E-15,-5.34695415494555E-15,-1.));
#1001=DIRECTION('',(0.,1.,-5.34695415494555E-15));
#1002=DIRECTION('',(0.,-1.,0.));
#1003=DIRECTION('',(0.,0.,-1.));
#1004=DIRECTION('',(0.868776799545989,0.,-0.495203869704821));
#1005=DIRECTION('',(-0.495203869704821,0.,-0.868776799545989));
#1006=DIRECTION('',(-7.12927220659406E-15,0.,-1.));
#1007=DIRECTION('',(-1.,0.,7.12927220659407E-15));
#1008=DIRECTION('',(0.,-1.,0.));
#1009=DIRECTION('',(0.,0.,-1.));
#1010=DIRECTION('',(0.,-1.,0.));
#1011=DIRECTION('',(0.,0.,-1.));
#1012=DIRECTION('',(-1.78231805164852E-15,0.,1.));
#1013=DIRECTION('',(1.,0.,1.78231805164852E-15));
#1014=DIRECTION('',(0.868776799545988,0.,0.495203869704822));
#1015=DIRECTION('',(0.495203869704822,0.,-0.868776799545988));
#1016=DIRECTION('',(0.,-1.,0.));
#1017=DIRECTION('',(0.,0.,-1.));
#1018=DIRECTION('',(-1.78231805164852E-15,0.,1.));
#1019=DIRECTION('',(1.,0.,1.78231805164852E-15));
#1020=DIRECTION('',(0.868776799545988,-7.74218286342119E-16,0.495203869704822));
#1021=DIRECTION('',(0.495203869704822,0.,-0.868776799545988));
#1022=DIRECTION('',(0.,0.,1.));
#1023=DIRECTION('',(1.,0.,0.));
#1024=DIRECTION('',(0.,0.,1.));
#1025=DIRECTION('',(1.,0.,0.));
#1026=DIRECTION('',(0.,-1.,-6.82961998416066E-17));
#1027=DIRECTION('',(0.,6.82961998416066E-17,-1.));
#1028=DIRECTION('',(1.,0.,0.));
#1029=DIRECTION('',(-1.,0.,0.));
#1030=DIRECTION('',(0.,0.,1.));
#1031=DIRECTION('',(0.203455615655922,0.608525201439647,-0.767009055794589));
#1032=DIRECTION('',(0.,0.783394399675733,0.621524910648558));
#1033=DIRECTION('',(-0.610026737744434,6.97429124248848E-15,0.792380829675279));
#1034=DIRECTION('',(0.792380829675279,0.,0.610026737744434));
#1035=DIRECTION('',(-0.91888455797376,-2.00820234888776E-14,0.394526512565844));
#1036=DIRECTION('',(0.394526512565844,0.,0.91888455797376));
#1037=DIRECTION('',(-0.918884557973763,-7.53075880832915E-15,-0.394526512565838));
#1038=DIRECTION('',(-0.394526512565838,0.,0.918884557973763));
#1039=DIRECTION('',(-0.610026737745105,1.26439652004561E-14,-0.792380829674763));
#1040=DIRECTION('',(-0.792380829674763,0.,0.610026737745105));
#1041=DIRECTION('',(-0.203455615655921,0.608525201439649,-0.767009055794588));
#1042=DIRECTION('',(0.,0.783394399675731,0.62152491064856));
#1043=CARTESIAN_POINT('',(0.,0.,0.));
#1044=CARTESIAN_POINT('',(-0.0366792669545328,0.0258989430930081,0.053705801757786));
#1045=CARTESIAN_POINT('',(-0.0404410106648966,0.0205713897148081,0.053705801757786));
#1046=CARTESIAN_POINT('',(-0.042972497061952,0.014560972311536,0.053705801757786));
#1047=CARTESIAN_POINT('',(-0.0441558914049293,0.00814746168403713,0.053705801757786));
#1048=CARTESIAN_POINT('',(-0.0374815394588157,0.0264654214241935,0.0519411157431301));
#1049=CARTESIAN_POINT('',(-0.0413255624456635,0.0210213403739512,0.0519411157431301));
#1050=CARTESIAN_POINT('',(-0.0439124191404361,0.0148794592577351,0.0519411157431301));
#1051=CARTESIAN_POINT('',(-0.0451216974451696,0.00832566820318332,0.0519411157431301));
#1052=CARTESIAN_POINT('',(-0.0381337006935253,0.0269259073637339,0.0501184319103389));
#1053=CARTESIAN_POINT('',(-0.0420446078802632,0.0213871018525743,0.0501184319103389));
#1054=CARTESIAN_POINT('',(-0.0446764746701504,0.0151383548810592,0.0501184319103389));
#1055=CARTESIAN_POINT('',(-0.0459067938511047,0.00847053093117069,0.0501184319103389));
#1056=CARTESIAN_POINT('',(-0.0386277896409429,0.0272747796993756,0.0482599999999919));
#1057=CARTESIAN_POINT('',(-0.0425893694867777,0.0216642092523406,0.0482599999999919));
#1058=CARTESIAN_POINT('',(-0.0452553367250428,0.0153344988086819,0.0482599999999919));
#1059=CARTESIAN_POINT('',(-0.0465015968479474,0.00858028150968092,0.0482599999999919));
#1060=CARTESIAN_POINT('',(-0.0464794504673725,0.00869944966336559,0.048259999999993));
#1061=CARTESIAN_POINT('',(-0.0454219776325312,0.0123087634353905,0.0494134691974251));
#1062=CARTESIAN_POINT('',(-0.0436530431543623,0.015478048093049,0.0513184451452334));
#1063=CARTESIAN_POINT('',(-0.0413224323845447,0.0176112767316101,0.0536742206849358));
#1064=CARTESIAN_POINT('',(-0.0464794504673681,0.00869944966337715,0.04826));
#1065=CARTESIAN_POINT('',(-0.0413224323845448,0.0176112767316101,0.0536742206849359));
#1066=CARTESIAN_POINT('',(-0.0413224323845448,0.0176112767316101,0.0536742206849359));
#1067=CARTESIAN_POINT('',(-0.0415298639305407,0.018216762514536,0.0529027691213908));
#1068=CARTESIAN_POINT('',(-0.0417027145084594,0.019602440963008,0.0514612023981663));
#1069=CARTESIAN_POINT('',(-0.0410989618935994,0.0228813663697153,0.0492310621339499));
#1070=CARTESIAN_POINT('',(-0.0397746024350522,0.0255299783069709,0.0484578336464586));
#1071=CARTESIAN_POINT('',(-0.0386975754792644,0.0271756764813876,0.0482599999999919));
#1072=CARTESIAN_POINT('',(-0.0386975754792131,0.027175676481456,0.04826));
#1073=CARTESIAN_POINT('',(0.,0.,0.04826));
#1074=CARTESIAN_POINT('',(0.0441558914049252,0.0081474616840592,0.0537058017577859));
#1075=CARTESIAN_POINT('',(0.0429724970619545,0.0145609723115044,0.0537058017577859));
#1076=CARTESIAN_POINT('',(0.0404410106649277,0.0205713897147298,0.0537058017577859));
#1077=CARTESIAN_POINT('',(0.0366792669546113,0.0258989430928971,0.0537058017577859));
#1078=CARTESIAN_POINT('',(0.045121697445164,0.00832566820320561,0.0519411157431326));
#1079=CARTESIAN_POINT('',(0.0439124191404374,0.0148794592577023,0.0519411157431326));
#1080=CARTESIAN_POINT('',(0.041325562445694,0.0210213403738705,0.0519411157431326));
#1081=CARTESIAN_POINT('',(0.0374815394588947,0.0264654214240792,0.0519411157431326));
#1082=CARTESIAN_POINT('',(0.0459067938510982,0.00847053093119321,0.0501184319103441));
#1083=CARTESIAN_POINT('',(0.0446764746701508,0.0151383548810255,0.0501184319103441));
#1084=CARTESIAN_POINT('',(0.0420446078802935,0.0213871018524918,0.0501184319103441));
#1085=CARTESIAN_POINT('',(0.0381337006936049,0.0269259073636171,0.0501184319103441));
#1086=CARTESIAN_POINT('',(0.0465015968479406,0.00858028150970369,0.0482599999999999));
#1087=CARTESIAN_POINT('',(0.0452553367250429,0.0153344988086477,0.0482599999999999));
#1088=CARTESIAN_POINT('',(0.0425893694868081,0.021664209252257,0.0482599999999999));
#1089=CARTESIAN_POINT('',(0.0386277896410233,0.0272747796992571,0.0482599999999999));
#1090=CARTESIAN_POINT('',(0.,0.,0.04826));
#1091=CARTESIAN_POINT('',(0.0464794504673639,0.00869944966339927,0.04826));
#1092=CARTESIAN_POINT('',(0.038697575479295,0.0271756764813394,0.04826));
#1093=CARTESIAN_POINT('',(0.0386975754793074,0.0271756764813218,0.0482599999999998));
#1094=CARTESIAN_POINT('',(0.0392397007871168,0.0263473085146905,0.0483595802620485));
#1095=CARTESIAN_POINT('',(0.040215620072148,0.0246481471410362,0.0487126619169274));
#1096=CARTESIAN_POINT('',(0.0412540094550325,0.0220520578709489,0.0497929515080468));
#1097=CARTESIAN_POINT('',(0.0417024057063452,0.0195864754548747,0.051475688897569));
#1098=CARTESIAN_POINT('',(0.0415296851921324,0.0182162407830676,0.0529034338612878));
#1099=CARTESIAN_POINT('',(0.0413224323845448,0.01761127673161,0.0536742206849359));
#1100=CARTESIAN_POINT('',(0.0413224323845448,0.0176112767316101,0.0536742206849359));
#1101=CARTESIAN_POINT('',(0.0413224323845448,0.0176112767316101,0.0536742206849358));
#1102=CARTESIAN_POINT('',(0.0424918837149364,0.0165408675917818,0.0524921422037552));
#1103=CARTESIAN_POINT('',(0.0440228216594338,0.0145743221483677,0.0509003696842621));
#1104=CARTESIAN_POINT('',(0.0456057568516484,0.011338848948291,0.0492096885092561));
#1105=CARTESIAN_POINT('',(0.0462155135088821,0.00960030618453181,0.0485478969006527));
#1106=CARTESIAN_POINT('',(0.0464794504673662,0.00869944966338724,0.04826));
#1107=CARTESIAN_POINT('',(1.50246478413359E-17,-6.22341290576095E-18,0.0761999993659243));
#1108=CARTESIAN_POINT('',(1.62625616356019E-17,-1.18444691579815E-32,0.0761999993659242));
#1109=CARTESIAN_POINT('',(1.50246478413359E-17,6.22341290576099E-18,0.0761999993659242));
#1110=CARTESIAN_POINT('',(1.14993676119983E-17,1.14993676119983E-17,0.0761999993659242));
#1111=CARTESIAN_POINT('',(6.22341290576098E-18,1.50246478413359E-17,0.0761999993659242));
#1112=CARTESIAN_POINT('',(3.10556203532442E-33,1.62625616356019E-17,0.0761999993659242));
#1113=CARTESIAN_POINT('',(-6.22341290576098E-18,1.50246478413359E-17,0.0761999993659242));
#1114=CARTESIAN_POINT('',(-1.14993676119983E-17,1.14993676119983E-17,0.0761999993659242));
#1115=CARTESIAN_POINT('',(-1.50246478413359E-17,6.22341290576098E-18,0.0761999993659242));
#1116=CARTESIAN_POINT('',(-1.62625616356019E-17,2.70676382186445E-33,0.0761999993659242));
#1117=CARTESIAN_POINT('',(-1.50246478413359E-17,-6.22341290576098E-18,0.0761999993659242));
#1118=CARTESIAN_POINT('',(-1.14993676119983E-17,-1.14993676119983E-17,0.0761999993659242));
#1119=CARTESIAN_POINT('',(-6.22341290576099E-18,-1.50246478413359E-17,0.0761999993659242));
#1120=CARTESIAN_POINT('',(-2.68426485998971E-33,-1.6262561635602E-17,0.0761999993659242));
#1121=CARTESIAN_POINT('',(6.22341290576098E-18,-1.50246478413359E-17,0.0761999993659243));
#1122=CARTESIAN_POINT('',(1.14993676119983E-17,-1.14993676119983E-17,0.0761999993659242));
#1123=CARTESIAN_POINT('',(1.50246478413359E-17,-6.22341290576095E-18,0.0761999993659243));
#1124=CARTESIAN_POINT('',(1.62625616356019E-17,-1.18444691579815E-32,0.0761999993659242));
#1125=CARTESIAN_POINT('',(1.50246478413359E-17,6.22341290576099E-18,0.0761999993659242));
#1126=CARTESIAN_POINT('',(-0.00597029415645438,0.00247297681096022,0.0762037915783381));
#1127=CARTESIAN_POINT('',(-0.00646219982839746,4.66206934168767E-18,0.0762037915783381));
#1128=CARTESIAN_POINT('',(-0.00597029415645437,-0.00247297681096024,0.0762037915783381));
#1129=CARTESIAN_POINT('',(-0.00456946532004239,-0.00456946532004239,0.0762037915783381));
#1130=CARTESIAN_POINT('',(-0.00247297681096024,-0.00597029415645437,0.0762037915783381));
#1131=CARTESIAN_POINT('',(8.31786354203723E-19,-0.00646219982839746,0.0762037915783381));
#1132=CARTESIAN_POINT('',(0.00247297681096023,-0.00597029415645437,0.0762037915783381));
#1133=CARTESIAN_POINT('',(0.00456946532004239,-0.00456946532004239,0.0762037915783381));
#1134=CARTESIAN_POINT('',(0.00597029415645437,-0.00247297681096024,0.0762037915783381));
#1135=CARTESIAN_POINT('',(0.00646219982839746,-1.11386156052921E-18,0.0762037915783381));
#1136=CARTESIAN_POINT('',(0.00597029415645437,0.00247297681096024,0.0762037915783381));
#1137=CARTESIAN_POINT('',(0.00456946532004239,0.00456946532004239,0.0762037915783381));
#1138=CARTESIAN_POINT('',(0.00247297681096024,0.00597029415645437,0.0762037915783381));
#1139=CARTESIAN_POINT('',(2.9341221292889E-18,0.00646219982839746,0.0762037915783381));
#1140=CARTESIAN_POINT('',(-0.00247297681096024,0.00597029415645437,0.0762037915783381));
#1141=CARTESIAN_POINT('',(-0.00456946532004239,0.00456946532004239,0.0762037915783381));
#1142=CARTESIAN_POINT('',(-0.00597029415645438,0.00247297681096022,0.0762037915783381));
#1143=CARTESIAN_POINT('',(-0.00646219982839746,4.66206934168767E-18,0.0762037915783381));
#1144=CARTESIAN_POINT('',(-0.00597029415645437,-0.00247297681096024,0.0762037915783381));
#1145=CARTESIAN_POINT('',(-0.015346078899073,0.00635655400924359,0.0747336508920965));
#1146=CARTESIAN_POINT('',(-0.0166104761054283,1.21430643318376E-17,0.0747336508920964));
#1147=CARTESIAN_POINT('',(-0.015346078899073,-0.00635655400924362,0.0747336508920965));
#1148=CARTESIAN_POINT('',(-0.0117453802928855,-0.0117453802928855,0.0747336508920965));
#1149=CARTESIAN_POINT('',(-0.00635655400924362,-0.015346078899073,0.0747336508920964));
#1150=CARTESIAN_POINT('',(-5.34647196306914E-18,-0.0166104761054283,0.0747336508920964));
#1151=CARTESIAN_POINT('',(0.00635655400924361,-0.015346078899073,0.0747336508920964));
#1152=CARTESIAN_POINT('',(0.0117453802928855,-0.0117453802928855,0.0747336508920964));
#1153=CARTESIAN_POINT('',(0.015346078899073,-0.00635655400924362,0.0747336508920964));
#1154=CARTESIAN_POINT('',(0.0166104761054283,-2.97831342633393E-18,0.0747336508920964));
#1155=CARTESIAN_POINT('',(0.015346078899073,0.00635655400924362,0.0747336508920965));
#1156=CARTESIAN_POINT('',(0.0117453802928855,0.0117453802928855,0.0747336508920964));
#1157=CARTESIAN_POINT('',(0.00635655400924362,0.015346078899073,0.0747336508920965));
#1158=CARTESIAN_POINT('',(3.49655200626575E-18,0.0166104761054283,0.0747336508920964));
#1159=CARTESIAN_POINT('',(-0.00635655400924362,0.015346078899073,0.0747336508920965));
#1160=CARTESIAN_POINT('',(-0.0117453802928855,0.0117453802928855,0.0747336508920964));
#1161=CARTESIAN_POINT('',(-0.015346078899073,0.00635655400924359,0.0747336508920965));
#1162=CARTESIAN_POINT('',(-0.0166104761054283,1.21430643318376E-17,0.0747336508920964));
#1163=CARTESIAN_POINT('',(-0.015346078899073,-0.00635655400924362,0.0747336508920965));
#1164=CARTESIAN_POINT('',(-0.026647419085135,0.0110377223873025,0.0698382016133636));
#1165=CARTESIAN_POINT('',(-0.0288429585756728,2.21177243187043E-17,0.0698382016133636));
#1166=CARTESIAN_POINT('',(-0.026647419085135,-0.0110377223873026,0.0698382016133636));
#1167=CARTESIAN_POINT('',(-0.0203950515983409,-0.0203950515983409,0.0698382016133636));
#1168=CARTESIAN_POINT('',(-0.0110377223873026,-0.026647419085135,0.0698382016133636));
#1169=CARTESIAN_POINT('',(-2.96800344717907E-18,-0.0288429585756728,0.0698382016133636));
#1170=CARTESIAN_POINT('',(0.0110377223873026,-0.026647419085135,0.0698382016133636));
#1171=CARTESIAN_POINT('',(0.0203950515983409,-0.0203950515983409,0.0698382016133636));
#1172=CARTESIAN_POINT('',(0.026647419085135,-0.0110377223873026,0.0698382016133636));
#1173=CARTESIAN_POINT('',(0.0288429585756728,-3.59053295874158E-18,0.0698382016133636));
#1174=CARTESIAN_POINT('',(0.026647419085135,0.0110377223873026,0.0698382016133636));
#1175=CARTESIAN_POINT('',(0.0203950515983409,0.0203950515983409,0.0698382016133636));
#1176=CARTESIAN_POINT('',(0.0110377223873026,0.026647419085135,0.0698382016133636));
#1177=CARTESIAN_POINT('',(1.26987179452365E-17,0.0288429585756728,0.0698382016133636));
#1178=CARTESIAN_POINT('',(-0.0110377223873026,0.026647419085135,0.0698382016133636));
#1179=CARTESIAN_POINT('',(-0.0203950515983409,0.0203950515983409,0.0698382016133636));
#1180=CARTESIAN_POINT('',(-0.026647419085135,0.0110377223873025,0.0698382016133636));
#1181=CARTESIAN_POINT('',(-0.0288429585756728,2.21177243187043E-17,0.0698382016133636));
#1182=CARTESIAN_POINT('',(-0.026647419085135,-0.0110377223873026,0.0698382016133636));
#1183=CARTESIAN_POINT('',(-0.0337388422326997,0.0139750860315503,0.0648898839452403));
#1184=CARTESIAN_POINT('',(-0.0365186596795697,2.66713734431434E-17,0.0648898839452403));
#1185=CARTESIAN_POINT('',(-0.0337388422326997,-0.0139750860315504,0.0648898839452403));
#1186=CARTESIAN_POINT('',(-0.0258225918992675,-0.0258225918992675,0.0648898839452403));
#1187=CARTESIAN_POINT('',(-0.0139750860315504,-0.0337388422326997,0.0648898839452403));
#1188=CARTESIAN_POINT('',(-5.84113920426566E-18,-0.0365186596795697,0.0648898839452403));
#1189=CARTESIAN_POINT('',(0.0139750860315504,-0.0337388422326997,0.0648898839452403));
#1190=CARTESIAN_POINT('',(0.0258225918992675,-0.0258225918992675,0.0648898839452403));
#1191=CARTESIAN_POINT('',(0.0337388422326997,-0.0139750860315504,0.0648898839452403));
#1192=CARTESIAN_POINT('',(0.0365186596795698,-5.43088409021896E-18,0.0648898839452403));
#1193=CARTESIAN_POINT('',(0.0337388422326997,0.0139750860315504,0.0648898839452403));
#1194=CARTESIAN_POINT('',(0.0258225918992675,0.0258225918992675,0.0648898839452403));
#1195=CARTESIAN_POINT('',(0.0139750860315504,0.0337388422326997,0.0648898839452403));
#1196=CARTESIAN_POINT('',(5.52943107967607E-18,0.0365186596795698,0.0648898839452403));
#1197=CARTESIAN_POINT('',(-0.0139750860315504,0.0337388422326997,0.0648898839452403));
#1198=CARTESIAN_POINT('',(-0.0258225918992676,0.0258225918992675,0.0648898839452403));
#1199=CARTESIAN_POINT('',(-0.0337388422326997,0.0139750860315503,0.0648898839452403));
#1200=CARTESIAN_POINT('',(-0.0365186596795697,2.66713734431434E-17,0.0648898839452403));
#1201=CARTESIAN_POINT('',(-0.0337388422326997,-0.0139750860315504,0.0648898839452403));
#1202=CARTESIAN_POINT('',(-0.0405270113575812,0.0167868377467585,0.0578863312536518));
#1203=CARTESIAN_POINT('',(-0.0438661209946071,3.46944695195361E-17,0.0578863312536517));
#1204=CARTESIAN_POINT('',(-0.0405270113575812,-0.0167868377467586,0.0578863312536517));
#1205=CARTESIAN_POINT('',(-0.0310180316196363,-0.0310180316196363,0.0578863312536517));
#1206=CARTESIAN_POINT('',(-0.0167868377467586,-0.0405270113575812,0.0578863312536517));
#1207=CARTESIAN_POINT('',(-1.31595038685428E-17,-0.0438661209946072,0.0578863312536517));
#1208=CARTESIAN_POINT('',(0.0167868377467586,-0.0405270113575812,0.0578863312536517));
#1209=CARTESIAN_POINT('',(0.0310180316196363,-0.0310180316196363,0.0578863312536517));
#1210=CARTESIAN_POINT('',(0.0405270113575812,-0.0167868377467586,0.0578863312536517));
#1211=CARTESIAN_POINT('',(0.0438661209946071,-5.94085086402525E-18,0.0578863312536517));
#1212=CARTESIAN_POINT('',(0.0405270113575812,0.0167868377467586,0.0578863312536517));
#1213=CARTESIAN_POINT('',(0.0310180316196363,0.0310180316196363,0.0578863312536517));
#1214=CARTESIAN_POINT('',(0.0167868377467586,0.0405270113575812,0.0578863312536517));
#1215=CARTESIAN_POINT('',(9.89334482393023E-18,0.0438661209946072,0.0578863312536517));
#1216=CARTESIAN_POINT('',(-0.0167868377467586,0.0405270113575812,0.0578863312536517));
#1217=CARTESIAN_POINT('',(-0.0310180316196363,0.0310180316196363,0.0578863312536517));
#1218=CARTESIAN_POINT('',(-0.0405270113575812,0.0167868377467585,0.0578863312536518));
#1219=CARTESIAN_POINT('',(-0.0438661209946071,3.46944695195361E-17,0.0578863312536517));
#1220=CARTESIAN_POINT('',(-0.0405270113575812,-0.0167868377467586,0.0578863312536517));
#1221=CARTESIAN_POINT('',(-0.0436086382367692,0.0180632893942916,0.0522094740005938));
#1222=CARTESIAN_POINT('',(-0.0472016498928515,3.94649590784724E-17,0.0522094740005938));
#1223=CARTESIAN_POINT('',(-0.0436086382367692,-0.0180632893942917,0.0522094740005938));
#1224=CARTESIAN_POINT('',(-0.0333766067224286,-0.0333766067224286,0.0522094740005938));
#1225=CARTESIAN_POINT('',(-0.0180632893942917,-0.0436086382367692,0.0522094740005938));
#1226=CARTESIAN_POINT('',(-7.94178091345632E-18,-0.0472016498928515,0.0522094740005938));
#1227=CARTESIAN_POINT('',(0.0180632893942917,-0.0436086382367692,0.0522094740005938));
#1228=CARTESIAN_POINT('',(0.0333766067224286,-0.0333766067224286,0.0522094740005938));
#1229=CARTESIAN_POINT('',(0.0436086382367691,-0.0180632893942917,0.0522094740005938));
#1230=CARTESIAN_POINT('',(0.0472016498928516,-4.06485817431418E-18,0.0522094740005938));
#1231=CARTESIAN_POINT('',(0.0436086382367691,0.0180632893942917,0.0522094740005938));
#1232=CARTESIAN_POINT('',(0.0333766067224287,0.0333766067224286,0.0522094740005938));
#1233=CARTESIAN_POINT('',(0.0180632893942917,0.0436086382367691,0.0522094740005938));
#1234=CARTESIAN_POINT('',(2.87313575708659E-18,0.0472016498928516,0.0522094740005938));
#1235=CARTESIAN_POINT('',(-0.0180632893942917,0.0436086382367691,0.0522094740005938));
#1236=CARTESIAN_POINT('',(-0.0333766067224286,0.0333766067224286,0.0522094740005938));
#1237=CARTESIAN_POINT('',(-0.0436086382367692,0.0180632893942916,0.0522094740005938));
#1238=CARTESIAN_POINT('',(-0.0472016498928515,3.94649590784724E-17,0.0522094740005938));
#1239=CARTESIAN_POINT('',(-0.0436086382367692,-0.0180632893942917,0.0522094740005938));
#1240=CARTESIAN_POINT('',(-0.0448244471799703,0.01856689394782,0.0482599999999931));
#1241=CARTESIAN_POINT('',(-0.0485176320100182,3.72965547335014E-17,0.0482599999999931));
#1242=CARTESIAN_POINT('',(-0.0448244471799703,-0.0185668939478201,0.0482599999999931));
#1243=CARTESIAN_POINT('',(-0.0343071466013974,-0.0343071466013974,0.0482599999999931));
#1244=CARTESIAN_POINT('',(-0.0185668939478201,-0.0448244471799703,0.0482599999999931));
#1245=CARTESIAN_POINT('',(-8.33480420098232E-18,-0.0485176320100182,0.0482599999999931));
#1246=CARTESIAN_POINT('',(0.0185668939478201,-0.0448244471799703,0.0482599999999931));
#1247=CARTESIAN_POINT('',(0.0343071466013974,-0.0343071466013974,0.0482599999999931));
#1248=CARTESIAN_POINT('',(0.0448244471799703,-0.0185668939478201,0.0482599999999931));
#1249=CARTESIAN_POINT('',(0.0485176320100182,-6.64192944655579E-18,0.0482599999999931));
#1250=CARTESIAN_POINT('',(0.0448244471799703,0.0185668939478201,0.0482599999999931));
#1251=CARTESIAN_POINT('',(0.0343071466013974,0.0343071466013974,0.0482599999999931));
#1252=CARTESIAN_POINT('',(0.0185668939478201,0.0448244471799703,0.0482599999999931));
#1253=CARTESIAN_POINT('',(1.85398571495021E-17,0.0485176320100182,0.0482599999999931));
#1254=CARTESIAN_POINT('',(-0.0185668939478201,0.0448244471799703,0.0482599999999931));
#1255=CARTESIAN_POINT('',(-0.0343071466013974,0.0343071466013974,0.0482599999999931));
#1256=CARTESIAN_POINT('',(-0.0448244471799703,0.01856689394782,0.0482599999999931));
#1257=CARTESIAN_POINT('',(-0.0485176320100182,3.72965547335014E-17,0.0482599999999931));
#1258=CARTESIAN_POINT('',(-0.0448244471799703,-0.0185668939478201,0.0482599999999931));
#1259=CARTESIAN_POINT('',(0.0182678327802901,-2.23716429417414E-18,0.0735207805694673));
#1260=CARTESIAN_POINT('',(0.0182678327802901,0.00134598891999136,0.0735207805694673));
#1261=CARTESIAN_POINT('',(0.0184881583426519,0.00404045545004107,0.0733615354219793));
#1262=CARTESIAN_POINT('',(0.0194245823172921,0.00785285585447309,0.0726783714690684));
#1263=CARTESIAN_POINT('',(0.020950331863654,0.0114287451410018,0.0715440264397683));
#1264=CARTESIAN_POINT('',(0.0222803426449934,0.0134955657849686,0.0705287332157004));
#1265=CARTESIAN_POINT('',(0.0230237308941965,0.0144552931533808,0.069950846038395));
#1266=CARTESIAN_POINT('',(0.0182678327802901,-2.23716429417414E-18,0.0735207805694673));
#1267=CARTESIAN_POINT('',(0.0230237308941964,0.0144552931533808,0.069950846038395));
#1268=CARTESIAN_POINT('',(0.0230237308941965,0.0144552931533807,0.069950846038395));
#1269=CARTESIAN_POINT('',(0.019373525871347,0.0144497562205607,0.0715195677542578));
#1270=CARTESIAN_POINT('',(0.0137437747639507,0.0144438181321459,0.0732151427200687));
#1271=CARTESIAN_POINT('',(0.00595607790378864,0.01443985330904,0.0743586150648935));
#1272=CARTESIAN_POINT('',(-0.00197069658039854,0.0144385441543032,0.0747379985817997));
#1273=CARTESIAN_POINT('',(-0.0117077364582156,0.0144417120166373,0.0738174358406079));
#1274=CARTESIAN_POINT('',(-0.019376868735839,0.014449761291294,0.0715181311160172));
#1275=CARTESIAN_POINT('',(-0.0230237308941964,0.0144552931533807,0.069950846038395));
#1276=CARTESIAN_POINT('',(-0.0230237308941964,0.0144552931533807,0.069950846038395));
#1277=CARTESIAN_POINT('',(-0.0230237308941963,0.0144552931533806,0.0699508460383951));
#1278=CARTESIAN_POINT('',(-0.0222821520857742,0.0134979018049969,0.0705273266120495));
#1279=CARTESIAN_POINT('',(-0.0209558216539054,0.0114391985569668,0.0715398939299035));
#1280=CARTESIAN_POINT('',(-0.0194246994491462,0.00785447237331271,0.0726783045563424));
#1281=CARTESIAN_POINT('',(-0.0184889078484277,0.00404371120369868,0.0733609846773134));
#1282=CARTESIAN_POINT('',(-0.0182678327802901,0.00134859455228366,0.0735207805694673));
#1283=CARTESIAN_POINT('',(-0.0182678327802901,0.,0.0735207805694673));
#1284=CARTESIAN_POINT('',(-0.0182678327802901,0.,0.0735207805694673));
#1285=CARTESIAN_POINT('',(-0.0182678327802901,0.,0.0735207805694673));
#1286=CARTESIAN_POINT('',(-0.0182678327802901,-0.00114777679764557,0.0735207805694673));
#1287=CARTESIAN_POINT('',(-0.0184283973487282,-0.00345054063579637,0.073404658154261));
#1288=CARTESIAN_POINT('',(-0.0191124038466291,-0.00673544301018825,0.0729066359882104));
#1289=CARTESIAN_POINT('',(-0.020238997732447,-0.00989037941119109,0.0720748654319439));
#1290=CARTESIAN_POINT('',(-0.0217306397260785,-0.0127289702394146,0.070951860035758));
#1291=CARTESIAN_POINT('',(-0.0235836562936734,-0.0152677986937944,0.0695212356204734));
#1292=CARTESIAN_POINT('',(-0.0256758873207123,-0.0173557610394371,0.067858348918875));
#1293=CARTESIAN_POINT('',(-0.0280212883320038,-0.0190074826515193,0.0659322830402432));
#1294=CARTESIAN_POINT('',(-0.0304621903104321,-0.0201073079427272,0.0638569414837458));
#1295=CARTESIAN_POINT('',(-0.0330222137111637,-0.0206514989429123,0.0616000520809432));
#1296=CARTESIAN_POINT('',(-0.0355221621428346,-0.0205864599851702,0.0593144083995548));
#1297=CARTESIAN_POINT('',(-0.0379804938808321,-0.019898621763793,0.0569854707464396));
#1298=CARTESIAN_POINT('',(-0.0402269113773682,-0.0186293830569123,0.0547839193920726));
#1299=CARTESIAN_POINT('',(-0.042279041165498,-0.0167785573163473,0.0527095315820108));
#1300=CARTESIAN_POINT('',(-0.0440113915683689,-0.0144811535991162,0.0509090324582583));
#1301=CARTESIAN_POINT('',(-0.0454530843107224,-0.011744064030011,0.0493751536775999));
#1302=CARTESIAN_POINT('',(-0.0461742432805435,-0.00974116767866077,0.0485929136004591));
#1303=CARTESIAN_POINT('',(-0.0464794504673662,-0.00869944966338726,0.04826));
#1304=CARTESIAN_POINT('',(-0.0464794504673639,-0.00869944966339937,0.04826));
#1305=CARTESIAN_POINT('',(0.,0.,0.04826));
#1306=CARTESIAN_POINT('',(0.0464794504673681,-0.00869944966337714,0.04826));
#1307=CARTESIAN_POINT('',(0.0464794504673725,-0.0086994496633656,0.048259999999993));
#1308=CARTESIAN_POINT('',(0.0458672440462799,-0.0107890022212838,0.0489277819286952));
#1309=CARTESIAN_POINT('',(0.04417382508925,-0.0146824674402577,0.0507579688830551));
#1310=CARTESIAN_POINT('',(0.0403450444039147,-0.0189121170853614,0.0547008224214878));
#1311=CARTESIAN_POINT('',(0.0355626645714537,-0.0209003045855115,0.0593196570148019));
#1312=CARTESIAN_POINT('',(0.0304186391526931,-0.02039414162844,0.0639353595411247));
#1313=CARTESIAN_POINT('',(0.0263672938544924,-0.0180480967678406,0.0673091324758204));
#1314=CARTESIAN_POINT('',(0.0235642533301745,-0.0152455943245732,0.0695364398155873));
#1315=CARTESIAN_POINT('',(0.0217233091214269,-0.0127155625810296,0.0709573752827077));
#1316=CARTESIAN_POINT('',(0.0202346149851065,-0.00988059759510348,0.0720781389816821));
#1317=CARTESIAN_POINT('',(0.0191097115866615,-0.00672499533541177,0.0729085997019649));
#1318=CARTESIAN_POINT('',(0.0184284334647107,-0.00344815657635088,0.0734046299588591));
#1319=CARTESIAN_POINT('',(0.0182678327802901,-0.00114788757453746,0.0735207805694673));
#1320=CARTESIAN_POINT('',(0.0182678327802901,-2.23716429417414E-18,0.0735207805694673));
#1321=CARTESIAN_POINT('',(0.,0.,0.0761999993659242));
#1322=CARTESIAN_POINT('',(0.0441552876511021,-0.0127,0.0460484164422543));
#1323=CARTESIAN_POINT('',(0.0330295673180779,-0.00491363,0.0381904674386861));
#1324=CARTESIAN_POINT('',(0.0472865704,-0.00491363,0.04826));
#1325=CARTESIAN_POINT('',(0.0468970960440056,-0.00672117400155558,0.0479849194177102));
#1326=CARTESIAN_POINT('',(0.0468970960440046,-0.00672117400156365,0.0479849194177095));
#1327=CARTESIAN_POINT('',(0.0471561315101165,-0.00449235632661645,0.0481678727386536));
#1328=CARTESIAN_POINT('',(0.0472865704,-0.00225201999933374,0.04826));
#1329=CARTESIAN_POINT('',(0.0472865704,4.98196001742627E-16,0.04826));
#1330=CARTESIAN_POINT('',(0.0472865704,-2.8954673541508E-18,0.04826));
#1331=CARTESIAN_POINT('',(0.0472865704,-0.0127,0.04826));
#1332=CARTESIAN_POINT('',(0.0441552876511021,-0.0127,0.0460484164422543));
#1333=CARTESIAN_POINT('',(0.0472865704,-0.0127,0.04826));
#1334=CARTESIAN_POINT('',(0.0472865704,0.00491363,0.04826));
#1335=CARTESIAN_POINT('',(0.0472865704,4.98196001742627E-16,0.04826));
#1336=CARTESIAN_POINT('',(0.0472865704,0.00223255193587334,0.04826));
#1337=CARTESIAN_POINT('',(0.0471564646849863,0.00448948959160905,0.0481681080556541));
#1338=CARTESIAN_POINT('',(0.0468970960440046,0.00672117400156366,0.0479849194177095));
#1339=CARTESIAN_POINT('',(0.0468970960440016,0.0067211740015793,0.0479849194177118));
#1340=CARTESIAN_POINT('',(0.0330295673180779,0.00491363,0.0381904674386861));
#1341=CARTESIAN_POINT('',(-0.0441552876511021,-0.0127,0.0460484164422543));
#1342=CARTESIAN_POINT('',(-0.0468970960440019,-0.00672117400158676,0.0479849194177076));
#1343=CARTESIAN_POINT('',(-0.0471552485874623,-0.00449995325397458,0.04816724914207));
#1344=CARTESIAN_POINT('',(-0.0472865704,-0.00225978555753553,0.04826));
#1345=CARTESIAN_POINT('',(-0.0472865704,1.00948069575647E-18,0.04826));
#1346=CARTESIAN_POINT('',(-0.0468970960440008,-0.0067211740015832,0.0479849194177125));
#1347=CARTESIAN_POINT('',(-0.0472865704,2.8954673541508E-18,0.04826));
#1348=CARTESIAN_POINT('',(-0.0330295673180778,-0.00491363,0.038190467438686));
#1349=CARTESIAN_POINT('',(-0.0472865704,-0.00491363,0.04826));
#1350=CARTESIAN_POINT('',(-0.0472865704,-0.0127,0.04826));
#1351=CARTESIAN_POINT('',(-0.0441552876511021,-0.0127,0.0460484164422543));
#1352=CARTESIAN_POINT('',(-0.0472865704,0.,0.04826));
#1353=CARTESIAN_POINT('',(-0.0472865704,0.00225978555753384,0.04826));
#1354=CARTESIAN_POINT('',(-0.0471552485874625,0.00449995325397123,0.0481672491420701));
#1355=CARTESIAN_POINT('',(-0.0468970960440025,0.00672117400158176,0.047984919417708));
#1356=CARTESIAN_POINT('',(-0.0468970960440018,0.00672117400158828,0.0479849194177075));
#1357=CARTESIAN_POINT('',(-0.0472865704,-0.0127,0.04826));
#1358=CARTESIAN_POINT('',(-0.0472865704,0.00491363,0.04826));
#1359=CARTESIAN_POINT('',(-0.0330295673180778,0.00491363,0.038190467438686));
#1360=CARTESIAN_POINT('',(0.0265433889439645,-0.00491363,0.026130926785591));
#1361=CARTESIAN_POINT('',(0.0466327480406377,-0.00785478020576923,0.0482621733241718));
#1362=CARTESIAN_POINT('',(0.0463896921225843,-0.00872426763514098,0.0485591079129652));
#1363=CARTESIAN_POINT('',(0.0457658586100689,-0.0102608732781523,0.0494992751879037));
#1364=CARTESIAN_POINT('',(0.0446503009599834,-0.0118117781065881,0.0516394593347663));
#1365=CARTESIAN_POINT('',(0.0436683150739493,-0.0125828359231993,0.0542083440534083));
#1366=CARTESIAN_POINT('',(0.0432560838445115,-0.0127,0.0560280136729136));
#1367=CARTESIAN_POINT('',(0.0431266039515108,-0.0127,0.0569635595020566));
#1368=CARTESIAN_POINT('',(0.0466296730518942,-0.0078573615491719,0.0482603345786843));
#1369=CARTESIAN_POINT('',(0.0431266039515108,-0.0127,0.0569635595020566));
#1370=CARTESIAN_POINT('',(0.0466285138616961,-0.0078613888877072,0.04826));
#1371=CARTESIAN_POINT('',(0.0467328520035652,-0.00749020961915608,0.0481334783975643));
#1372=CARTESIAN_POINT('',(0.0468224711867838,-0.00711009807155979,0.0480421298875008));
#1373=CARTESIAN_POINT('',(0.0468970960440046,-0.00672117400156368,0.0479849194177095));
#1374=CARTESIAN_POINT('',(0.0472865704,-0.00491363,0.04826));
#1375=CARTESIAN_POINT('',(0.053245258,-0.00491363,0.0593387942));
#1376=CARTESIAN_POINT('',(0.0463878236731619,-0.00491363,0.0630270393423409));
#1377=CARTESIAN_POINT('',(0.0463878236731618,-0.0127,0.0630270393423409));
#1378=CARTESIAN_POINT('',(0.0463878236731618,-0.0127,0.0630270393423409));
#1379=CARTESIAN_POINT('',(0.0434084798731618,0.00491363,0.0574876422423409));
#1380=CARTESIAN_POINT('',(0.0468970960440025,0.00672117400157523,0.0479849194177111));
#1381=CARTESIAN_POINT('',(0.0468225223739321,0.00710983129833027,0.0480420906453383));
#1382=CARTESIAN_POINT('',(0.0467320293717177,0.00749313610300891,0.0481344759301797));
#1383=CARTESIAN_POINT('',(0.0466285138616961,0.00786138888770719,0.04826));
#1384=CARTESIAN_POINT('',(0.0466296731403756,0.00785736127806843,0.0482603346084914));
#1385=CARTESIAN_POINT('',(0.0431266039515109,0.0127,0.0569635595020566));
#1386=CARTESIAN_POINT('',(0.0432560669383384,0.0127,0.0560281358270133));
#1387=CARTESIAN_POINT('',(0.0436676927602055,0.0125832450227967,0.054210803580569));
#1388=CARTESIAN_POINT('',(0.0446484743187653,0.0118127248926815,0.0516440383834442));
#1389=CARTESIAN_POINT('',(0.0457608230801468,0.0102709985677229,0.0495075906421113));
#1390=CARTESIAN_POINT('',(0.0463896329152045,0.00872447943855196,0.0485591802449584));
#1391=CARTESIAN_POINT('',(0.0466327480406377,0.00785478020576923,0.0482621733241718));
#1392=CARTESIAN_POINT('',(0.0431266039515108,0.0127,0.0569635595020566));
#1393=CARTESIAN_POINT('',(0.0265433889439645,0.0127,0.026130926785591));
#1394=CARTESIAN_POINT('',(0.0463878236731618,0.0127,0.0630270393423409));
#1395=CARTESIAN_POINT('',(0.0463878236731618,0.00491363,0.0630270393423409));
#1396=CARTESIAN_POINT('',(0.053245258,0.00491363,0.0593387942));
#1397=CARTESIAN_POINT('',(0.0502659142,0.00491363,0.0537993971));
#1398=CARTESIAN_POINT('',(-0.0265433889439643,0.00491363,0.026130926785591));
#1399=CARTESIAN_POINT('',(-0.0466327480406377,0.00785478020576911,0.0482621733241718));
#1400=CARTESIAN_POINT('',(-0.0463896921225843,0.00872426763514088,0.0485591079129652));
#1401=CARTESIAN_POINT('',(-0.0457658586100689,0.0102608732781521,0.0494992751879037));
#1402=CARTESIAN_POINT('',(-0.0446503009599835,0.011811778106588,0.0516394593347662));
#1403=CARTESIAN_POINT('',(-0.0436683150739494,0.0125828359231993,0.0542083440534082));
#1404=CARTESIAN_POINT('',(-0.0432560838445116,0.0127,0.0560280136729136));
#1405=CARTESIAN_POINT('',(-0.0431266039515108,0.0127,0.0569635595020566));
#1406=CARTESIAN_POINT('',(-0.0466296730518942,0.00785736154917178,0.0482603345786843));
#1407=CARTESIAN_POINT('',(-0.0431266039515108,0.0127,0.0569635595020566));
#1408=CARTESIAN_POINT('',(-0.0466285138616962,0.00786138888770704,0.04826));
#1409=CARTESIAN_POINT('',(-0.0467328520035653,0.00749020961915589,0.0481334783975643));
#1410=CARTESIAN_POINT('',(-0.0468224711867838,0.00711009807155958,0.0480421298875008));
#1411=CARTESIAN_POINT('',(-0.0468970960440046,0.00672117400156345,0.0479849194177096));
#1412=CARTESIAN_POINT('',(-0.0472865704,0.00491363,0.04826));
#1413=CARTESIAN_POINT('',(-0.053245258,0.00491363,0.0593387942));
#1414=CARTESIAN_POINT('',(-0.0463878236731619,0.00491363,0.0630270393423409));
#1415=CARTESIAN_POINT('',(-0.0463878236731619,0.0127,0.0630270393423409));
#1416=CARTESIAN_POINT('',(-0.0463878236731619,0.0127,0.0630270393423409));
#1417=CARTESIAN_POINT('',(-0.0434084798731618,-0.00491363,0.0574876422423409));
#1418=CARTESIAN_POINT('',(-0.0468970960440019,-0.00672117400157806,0.0479849194177116));
#1419=CARTESIAN_POINT('',(-0.0468225223739317,-0.00710983129833208,0.0480420906453388));
#1420=CARTESIAN_POINT('',(-0.0467320293717176,-0.00749313610300969,0.0481344759301801));
#1421=CARTESIAN_POINT('',(-0.0466285138616962,-0.00786138888770703,0.04826));
#1422=CARTESIAN_POINT('',(-0.0466296737817572,-0.00785735931337163,0.0482603348246116));
#1423=CARTESIAN_POINT('',(-0.0431266039515108,-0.0127,0.0569635595020566));
#1424=CARTESIAN_POINT('',(-0.0432560669383384,-0.0127,0.0560281358270132));
#1425=CARTESIAN_POINT('',(-0.0436676927602056,-0.0125832450227967,0.054210803580569));
#1426=CARTESIAN_POINT('',(-0.0446484743187653,-0.0118127248926815,0.0516440383834442));
#1427=CARTESIAN_POINT('',(-0.0457608230801468,-0.0102709985677229,0.0495075906421113));
#1428=CARTESIAN_POINT('',(-0.0463896329152045,-0.00872447943855185,0.0485591802449583));
#1429=CARTESIAN_POINT('',(-0.0466327480406377,-0.00785478020576911,0.0482621733241718));
#1430=CARTESIAN_POINT('',(-0.0431266039515108,-0.0127,0.0569635595020566));
#1431=CARTESIAN_POINT('',(-0.0265433889439643,-0.0127,0.026130926785591));
#1432=CARTESIAN_POINT('',(-0.0463878236731619,-0.0127,0.0630270393423409));
#1433=CARTESIAN_POINT('',(-0.0463878236731619,-0.00491363,0.0630270393423409));
#1434=CARTESIAN_POINT('',(-0.053245258,-0.00491363,0.0593387942));
#1435=CARTESIAN_POINT('',(-0.0502659142,-0.00491363,0.0537993971));
#1436=CARTESIAN_POINT('',(0.0323471401440634,0.0267876410507699,0.0580779698693265));
#1437=CARTESIAN_POINT('',(0.0142145704225959,0.0486834389241497,0.0580779698693265));
#1438=CARTESIAN_POINT('',(-0.0142145704229481,0.0486834389240469,0.0580779698693265));
#1439=CARTESIAN_POINT('',(-0.0323471401442572,0.0267876410505359,0.0580779698693265));
#1440=CARTESIAN_POINT('',(0.0341802243299557,0.0283056732776943,0.0550207215150829));
#1441=CARTESIAN_POINT('',(0.0150200977160403,0.0514422868967762,0.0550207215150829));
#1442=CARTESIAN_POINT('',(-0.0150200977164124,0.0514422868966676,0.0550207215150829));
#1443=CARTESIAN_POINT('',(-0.0341802243301605,0.0283056732774471,0.0550207215150829));
#1444=CARTESIAN_POINT('',(0.0355567477113447,0.0294456137507753,0.0517021491660384));
#1445=CARTESIAN_POINT('',(0.0156249947318494,0.0535139968429123,0.0517021491660384));
#1446=CARTESIAN_POINT('',(-0.0156249947322365,0.0535139968427992,0.0517021491660384));
#1447=CARTESIAN_POINT('',(-0.0355567477115577,0.0294456137505181,0.0517021491660384));
#1448=CARTESIAN_POINT('',(0.0364195736068574,0.0301601458632082,0.0482599999999628));
#1449=CARTESIAN_POINT('',(0.0160041534271647,0.0548125763030837,0.0482599999999628));
#1450=CARTESIAN_POINT('',(-0.0160041534275612,0.0548125763029679,0.0482599999999628));
#1451=CARTESIAN_POINT('',(-0.0364195736070756,0.0301601458629448,0.0482599999999628));
#1452=CARTESIAN_POINT('',(0.,0.,0.04826));
#1453=CARTESIAN_POINT('',(0.036103194628908,0.0305381577339129,0.04826));
#1454=CARTESIAN_POINT('',(-0.0361031946288606,0.0305381577339688,0.04826));
#1455=CARTESIAN_POINT('',(-0.0361031946291382,0.0305381577336595,0.0482599999999628));
#1456=CARTESIAN_POINT('',(-0.0349650676882917,0.0318067672001473,0.0484126345708508));
#1457=CARTESIAN_POINT('',(-0.0325422302173543,0.034080357436658,0.0490259972685239));
#1458=CARTESIAN_POINT('',(-0.0284668639889878,0.036831951341137,0.0505152741574788));
#1459=CARTESIAN_POINT('',(-0.0241827197651271,0.0388676633313721,0.0522268449911137));
#1460=CARTESIAN_POINT('',(-0.0196166377540647,0.0403396259422504,0.0539719583609406));
#1461=CARTESIAN_POINT('',(-0.0148933756763183,0.0413067875438263,0.0555291391064404));
#1462=CARTESIAN_POINT('',(-0.0100496481037862,0.0418928882531388,0.0567574488305482));
#1463=CARTESIAN_POINT('',(-0.00501949255039292,0.0422009435781761,0.0575588393269831));
#1464=CARTESIAN_POINT('',(3.49037131990892E-5,0.0422917273537826,0.0578272463387666));
#1465=CARTESIAN_POINT('',(0.00504146531710643,0.0421991125107187,0.057554217722035));
#1466=CARTESIAN_POINT('',(0.0100435217795522,0.0418942151752709,0.0567598310965102));
#1467=CARTESIAN_POINT('',(0.0149433811103568,0.0412990044445292,0.0555144573253299));
#1468=CARTESIAN_POINT('',(0.0211889115711977,0.0400151716420112,0.0534533878473207));
#1469=CARTESIAN_POINT('',(0.0271595465198877,0.0377190267728853,0.0509955820761384));
#1470=CARTESIAN_POINT('',(0.0325239840559445,0.0340948061263754,0.0490305870142361));
#1471=CARTESIAN_POINT('',(0.0349810261875997,0.0317889791110615,0.048410494371437));
#1472=CARTESIAN_POINT('',(0.0361031946282968,0.0305381577345973,0.0482600000000756));
#1473=CARTESIAN_POINT('',(0.0502659142,-0.0127,0.0537993971));
#1474=CARTESIAN_POINT('',(0.053245258,-0.0127,0.0593387942));
#1475=CARTESIAN_POINT('',(0.0429812661050488,-0.0127,0.0648592434589045));
#1476=CARTESIAN_POINT('',(0.0546356596817118,-0.0127,0.0648592434589045));
#1477=CARTESIAN_POINT('',(0.0546356596817118,-0.00491363,0.0648592434589045));
#1478=CARTESIAN_POINT('',(0.0546356596817118,0.00491363,0.0648592434589045));
#1479=CARTESIAN_POINT('',(0.0429812661050488,-0.00491363,0.0648592434589045));
#1480=CARTESIAN_POINT('',(0.0429812661050488,0.00491363,0.0648592434589045));
#1481=CARTESIAN_POINT('',(0.0546356596817118,-0.00491363,0.0648592434589045));
#1482=CARTESIAN_POINT('',(0.0546356596817118,0.00491363,0.0648592434589045));
#1483=CARTESIAN_POINT('',(0.0546356596817118,-0.00491363,0.0674551330245168));
#1484=CARTESIAN_POINT('',(0.0546356596817118,0.00491363,0.0674551330245168));
#1485=CARTESIAN_POINT('',(0.0529949865565932,-0.00491363,0.0726417449825933));
#1486=CARTESIAN_POINT('',(0.0529949865565932,0.00491363,0.0726417449825933));
#1487=CARTESIAN_POINT('',(0.0463665525828058,-0.00491363,0.0780407239279877));
#1488=CARTESIAN_POINT('',(0.0463665525828058,0.00491363,0.0780407239279877));
#1489=CARTESIAN_POINT('',(0.0376008962912195,-0.00491363,0.0793983620236707));
#1490=CARTESIAN_POINT('',(0.0376008962912195,0.00491363,0.0793983620236707));
#1491=CARTESIAN_POINT('',(0.0321260524940784,-0.00491363,0.0773348201570536));
#1492=CARTESIAN_POINT('',(0.0321260524940784,0.00491363,0.0773348201570536));
#1493=CARTESIAN_POINT('',(0.0298976692574775,-0.00491363,0.075716989826571));
#1494=CARTESIAN_POINT('',(0.0298976692574775,0.00491363,0.075716989826571));
#1495=CARTESIAN_POINT('',(0.0300580015559131,1.75928089021696E-62,0.0758318032918764));
#1496=CARTESIAN_POINT('',(0.0312665059555825,-0.000587483855630255,0.0766853539527718));
#1497=CARTESIAN_POINT('',(0.0339466478128115,-0.00178553845704401,0.0780409749558522));
#1498=CARTESIAN_POINT('',(0.0398559804869422,-0.00392894605686006,0.0792171180355854));
#1499=CARTESIAN_POINT('',(0.044680544943665,-0.00491363,0.0782243561338943));
#1500=CARTESIAN_POINT('',(0.0474791335146242,-0.00491363,0.0766291571244653));
#1501=CARTESIAN_POINT('',(0.030058001555913,-3.46944695195361E-18,0.0758318032918765));
#1502=CARTESIAN_POINT('',(0.0474791335146242,-0.00491363,0.0766291571244653));
#1503=CARTESIAN_POINT('',(0.0474791335146242,-0.00491363,0.0766291571244653));
#1504=CARTESIAN_POINT('',(0.0485325734563065,-0.00491363,0.076028695031215));
#1505=CARTESIAN_POINT('',(0.0504526164812255,-0.00491363,0.0746167704774005));
#1506=CARTESIAN_POINT('',(0.053563497967413,-0.00491363,0.0708659108736626));
#1507=CARTESIAN_POINT('',(0.0546356596817118,-0.00491363,0.0672895549805997));
#1508=CARTESIAN_POINT('',(0.0546356596817118,-0.00491363,0.0648592434589045));
#1509=CARTESIAN_POINT('',(0.0546356596817118,0.00491363,0.0648592434589045));
#1510=CARTESIAN_POINT('',(0.0546356596817118,0.00491363,0.0660720326827427));
#1511=CARTESIAN_POINT('',(0.054292523525977,0.00491363,0.0684466125923514));
#1512=CARTESIAN_POINT('',(0.0527980854205655,0.00491363,0.071780544101383));
#1513=CARTESIAN_POINT('',(0.0504857178708382,0.00491363,0.0745889347918574));
#1514=CARTESIAN_POINT('',(0.0485313115376442,0.00491363,0.0760294143264415));
#1515=CARTESIAN_POINT('',(0.0474791335146242,0.00491363,0.0766291571244653));
#1516=CARTESIAN_POINT('',(0.0474791335146242,0.00491363,0.0766291571244653));
#1517=CARTESIAN_POINT('',(0.0474791335146242,0.00491363,0.0766291571244653));
#1518=CARTESIAN_POINT('',(0.0446841913404244,0.00491363,0.0782222776831499));
#1519=CARTESIAN_POINT('',(0.039861547235116,0.00392923895915458,0.079212941779438));
#1520=CARTESIAN_POINT('',(0.0339717717319912,0.00179600640139071,0.0780506922033104));
#1521=CARTESIAN_POINT('',(0.031267342653451,0.000587890547247153,0.0766859449014012));
#1522=CARTESIAN_POINT('',(0.0300580015559131,1.75928089021696E-62,0.0758318032918764));
#1523=CARTESIAN_POINT('',(0.,-0.0127,0.0404071882367134));
#1524=CARTESIAN_POINT('',(0.0431266039515109,-0.0127,0.0569635595020566));
#1525=CARTESIAN_POINT('',(0.0425783313893776,-0.0127,0.0609250557378815));
#1526=CARTESIAN_POINT('',(0.0425848682035295,-0.0127,0.0649973563017772));
#1527=CARTESIAN_POINT('',(0.0423673147736461,-0.0127,0.0689774587479819));
#1528=CARTESIAN_POINT('',(0.0423673147736461,-0.0127,0.0689774587479819));
#1529=CARTESIAN_POINT('',(0.0429812661050488,-0.0127,0.0648592434589045));
#1530=CARTESIAN_POINT('',(0.0468492896817118,-0.0127,0.0648592434589045));
#1531=CARTESIAN_POINT('',(0.0468492896817118,-0.0127,0.0648592434589045));
#1532=CARTESIAN_POINT('',(0.0468492896817118,-0.0127,0.0659126557750966));
#1533=CARTESIAN_POINT('',(0.0463215750187828,-0.0127,0.0674394104341755));
#1534=CARTESIAN_POINT('',(0.0449180400239943,-0.0127,0.0690076666360261));
#1535=CARTESIAN_POINT('',(0.0440785779583146,-0.0127,0.0696050264932625));
#1536=CARTESIAN_POINT('',(0.0436232929596707,-0.0127,0.0698645395157844));
#1537=CARTESIAN_POINT('',(0.0436232929596707,-0.0127,0.0698645395157844));
#1538=CARTESIAN_POINT('',(0.0299310911289851,-0.0127,0.0601939186021231));
#1539=CARTESIAN_POINT('',(0.,0.0127,0.0404071882367134));
#1540=CARTESIAN_POINT('',(0.0429812661050488,0.0127,0.0648592434589045));
#1541=CARTESIAN_POINT('',(0.0468492896817118,0.0127,0.0648592434589045));
#1542=CARTESIAN_POINT('',(0.0431266039515108,0.0127,0.0569635595020566));
#1543=CARTESIAN_POINT('',(0.0425783313893776,0.0127,0.0609250557378816));
#1544=CARTESIAN_POINT('',(0.0425848682043217,0.0127,0.0649973563018205));
#1545=CARTESIAN_POINT('',(0.0423673147736462,0.0127,0.0689774587479819));
#1546=CARTESIAN_POINT('',(0.0423673147736461,0.0127,0.0689774587479819));
#1547=CARTESIAN_POINT('',(0.000637658997963851,0.0127,0.0395043552358934));
#1548=CARTESIAN_POINT('',(0.0436232929596707,0.0127,0.0698645395157845));
#1549=CARTESIAN_POINT('',(0.0436232929596707,0.0127,0.0698645395157845));
#1550=CARTESIAN_POINT('',(0.0445319655202032,0.0127,0.0693465950120806));
#1551=CARTESIAN_POINT('',(0.0461454264870519,0.0127,0.067940787252098));
#1552=CARTESIAN_POINT('',(0.0468492896817118,0.0127,0.0659085561770182));
#1553=CARTESIAN_POINT('',(0.0468492896817118,0.0127,0.0648592434589045));
#1554=CARTESIAN_POINT('',(-0.0298976692574775,-0.00491363,0.075716989826571));
#1555=CARTESIAN_POINT('',(-0.0298976692574775,0.00491363,0.075716989826571));
#1556=CARTESIAN_POINT('',(-0.0321260524940783,-0.00491363,0.0773348201570536));
#1557=CARTESIAN_POINT('',(-0.0321260524940783,0.00491363,0.0773348201570536));
#1558=CARTESIAN_POINT('',(-0.0376008962912195,-0.00491363,0.0793983620236707));
#1559=CARTESIAN_POINT('',(-0.0376008962912195,0.00491363,0.0793983620236707));
#1560=CARTESIAN_POINT('',(-0.0463665525828057,-0.00491363,0.0780407239279878));
#1561=CARTESIAN_POINT('',(-0.0463665525828057,0.00491363,0.0780407239279878));
#1562=CARTESIAN_POINT('',(-0.0529949865565931,-0.00491363,0.0726417449825934));
#1563=CARTESIAN_POINT('',(-0.0529949865565931,0.00491363,0.0726417449825934));
#1564=CARTESIAN_POINT('',(-0.0546356596817118,-0.00491363,0.0674551330245168));
#1565=CARTESIAN_POINT('',(-0.0546356596817118,0.00491363,0.0674551330245168));
#1566=CARTESIAN_POINT('',(-0.0546356596817118,-0.00491363,0.0648592434589045));
#1567=CARTESIAN_POINT('',(-0.0546356596817118,0.00491363,0.0648592434589045));
#1568=CARTESIAN_POINT('',(-0.0300580015559131,3.42113882891807E-49,0.0758318032918764));
#1569=CARTESIAN_POINT('',(-0.031266505955528,0.000587483855798348,0.0766853539527333));
#1570=CARTESIAN_POINT('',(-0.0339466478128362,0.00178553845696754,0.0780409749558698));
#1571=CARTESIAN_POINT('',(-0.0398559804869274,0.00392894605690593,0.0792171180355749));
#1572=CARTESIAN_POINT('',(-0.044680544943665,0.00491362999999999,0.0782243561338943));
#1573=CARTESIAN_POINT('',(-0.0474791335146242,0.00491363,0.0766291571244653));
#1574=CARTESIAN_POINT('',(-0.0300580015559133,-3.46944695195361E-18,0.0758318032918764));
#1575=CARTESIAN_POINT('',(-0.0474791335146242,0.00491363,0.0766291571244653));
#1576=CARTESIAN_POINT('',(-0.0474791335146242,0.00491363,0.0766291571244653));
#1577=CARTESIAN_POINT('',(-0.0485325734563065,0.00491363,0.076028695031215));
#1578=CARTESIAN_POINT('',(-0.0504526164812255,0.00491363,0.0746167704774005));
#1579=CARTESIAN_POINT('',(-0.053563497967413,0.00491363,0.0708659108736626));
#1580=CARTESIAN_POINT('',(-0.0546356596817118,0.00491363,0.0672895549805997));
#1581=CARTESIAN_POINT('',(-0.0546356596817118,0.00491363,0.0648592434589045));
#1582=CARTESIAN_POINT('',(-0.0546356596817118,0.00491363,0.0648592434589045));
#1583=CARTESIAN_POINT('',(-0.0546356596817118,-0.0127,0.0648592434589045));
#1584=CARTESIAN_POINT('',(-0.0546356596817118,-0.00491363,0.0648592434589045));
#1585=CARTESIAN_POINT('',(-0.0546356596817118,-0.00491363,0.0648592434589045));
#1586=CARTESIAN_POINT('',(-0.0546356596817118,-0.00491363,0.0660720326827428));
#1587=CARTESIAN_POINT('',(-0.054292523525977,-0.00491363,0.0684466125923514));
#1588=CARTESIAN_POINT('',(-0.0527980854205655,-0.00491363,0.071780544101383));
#1589=CARTESIAN_POINT('',(-0.0504857178708382,-0.00491363,0.0745889347918573));
#1590=CARTESIAN_POINT('',(-0.0485313115376442,-0.00491363,0.0760294143264415));
#1591=CARTESIAN_POINT('',(-0.0474791335146242,-0.00491363,0.0766291571244653));
#1592=CARTESIAN_POINT('',(-0.0474791335146242,-0.00491363,0.0766291571244653));
#1593=CARTESIAN_POINT('',(-0.0474791335146242,-0.00491363,0.0766291571244653));
#1594=CARTESIAN_POINT('',(-0.0446841913404244,-0.00491362999999999,0.07822227768315));
#1595=CARTESIAN_POINT('',(-0.0398615472351224,-0.00392923895913455,0.0792129417794426));
#1596=CARTESIAN_POINT('',(-0.0339717717319804,-0.00179600640142405,0.0780506922033028));
#1597=CARTESIAN_POINT('',(-0.0312673426534749,-0.000587890547173572,0.0766859449014181));
#1598=CARTESIAN_POINT('',(-0.0300580015559131,3.42113882891807E-49,0.0758318032918764));
#1599=CARTESIAN_POINT('',(-0.0429812661050489,-0.0127,0.0648592434589045));
#1600=CARTESIAN_POINT('',(-0.0429812661050489,0.00491363,0.0648592434589045));
#1601=CARTESIAN_POINT('',(-0.053245258,-0.0127,0.0593387942));
#1602=CARTESIAN_POINT('',(-0.0429812661050489,-0.00491363,0.0648592434589045));
#1603=CARTESIAN_POINT('',(-0.0502659142,-0.0127,0.0537993971));
#1604=CARTESIAN_POINT('',(0.,-0.0127,0.0404071882367134));
#1605=CARTESIAN_POINT('',(-0.0429812661050489,-0.0127,0.0648592434589045));
#1606=CARTESIAN_POINT('',(-0.0468492896817118,-0.0127,0.0648592434589045));
#1607=CARTESIAN_POINT('',(-0.0431266039515109,-0.0127,0.0569635595020566));
#1608=CARTESIAN_POINT('',(-0.0425783313893776,-0.0127,0.0609250557378817));
#1609=CARTESIAN_POINT('',(-0.0425848682055797,-0.0127,0.0649973563018891));
#1610=CARTESIAN_POINT('',(-0.0423673147736461,-0.0127,0.0689774587479819));
#1611=CARTESIAN_POINT('',(-0.0423673147736461,-0.0127,0.0689774587479819));
#1612=CARTESIAN_POINT('',(-0.000637658997963855,-0.0127,0.0395043552358934));
#1613=CARTESIAN_POINT('',(-0.0436232929596707,-0.0127,0.0698645395157844));
#1614=CARTESIAN_POINT('',(-0.0436232929596707,-0.0127,0.0698645395157844));
#1615=CARTESIAN_POINT('',(-0.0445319655202032,-0.0127,0.0693465950120805));
#1616=CARTESIAN_POINT('',(-0.046145426487052,-0.0127,0.067940787252098));
#1617=CARTESIAN_POINT('',(-0.0468492896817118,-0.0127,0.0659085561770182));
#1618=CARTESIAN_POINT('',(-0.0468492896817118,-0.0127,0.0648592434589045));
#1619=CARTESIAN_POINT('',(0.,0.0127,0.0404071882367134));
#1620=CARTESIAN_POINT('',(-0.0431266039515109,0.0127,0.0569635595020566));
#1621=CARTESIAN_POINT('',(-0.0425783313893776,0.0127,0.0609250557378817));
#1622=CARTESIAN_POINT('',(-0.042584868205146,0.0127,0.0649973563018655));
#1623=CARTESIAN_POINT('',(-0.0423673147736461,0.0127,0.0689774587479819));
#1624=CARTESIAN_POINT('',(-0.0423673147736461,0.0127,0.0689774587479819));
#1625=CARTESIAN_POINT('',(-0.0429812661050489,0.0127,0.0648592434589045));
#1626=CARTESIAN_POINT('',(-0.0468492896817118,0.0127,0.0648592434589045));
#1627=CARTESIAN_POINT('',(-0.0468492896817118,0.0127,0.0648592434589045));
#1628=CARTESIAN_POINT('',(-0.0468492896817118,0.0127,0.0659126557750966));
#1629=CARTESIAN_POINT('',(-0.0463215750187828,0.0127,0.0674394104341756));
#1630=CARTESIAN_POINT('',(-0.0449180400239943,0.0127,0.0690076666360261));
#1631=CARTESIAN_POINT('',(-0.0440785779583146,0.0127,0.0696050264932625));
#1632=CARTESIAN_POINT('',(-0.0436232929596707,0.0127,0.0698645395157844));
#1633=CARTESIAN_POINT('',(-0.0436232929596707,0.0127,0.0698645395157844));
#1634=CARTESIAN_POINT('',(-0.0299310911289923,0.0127,0.0601939186021281));
#1635=CARTESIAN_POINT('',(0.0468450349992486,-0.00732046003750419,0.047860107132225));
#1636=CARTESIAN_POINT('',(0.0447436979144382,-0.00434961519546625,0.0560443435502945));
#1637=CARTESIAN_POINT('',(0.0520011118608916,-0.0045967535220462,0.0612876371548599));
#1638=CARTESIAN_POINT('',(0.0465811156838417,-0.00842858997908736,0.0481496066929742));
#1639=CARTESIAN_POINT('',(0.0445603321439434,-0.00500356036889735,0.056205251507313));
#1640=CARTESIAN_POINT('',(0.0518094784045918,-0.0052913515935198,0.0614824689703283));
#1641=CARTESIAN_POINT('',(0.0459416993735907,-0.0105424354023254,0.0488477657908394));
#1642=CARTESIAN_POINT('',(0.0441194223375915,-0.0062451155020091,0.0565898467250313));
#1643=CARTESIAN_POINT('',(0.0513431908554937,-0.00661454508835297,0.0619503609768188));
#1644=CARTESIAN_POINT('',(0.0446136580811743,-0.0134593085385736,0.0502723511526862));
#1645=CARTESIAN_POINT('',(0.0432277708734598,-0.00794822273353418,0.0573522937622902));
#1646=CARTESIAN_POINT('',(0.0503599415672116,-0.0084316413554777,0.0628891548608508));
#1647=CARTESIAN_POINT('',(0.0429949060253982,-0.0159284970340613,0.0519711185543941));
#1648=CARTESIAN_POINT('',(0.0421683986807327,-0.00940177014507667,0.0582395077860506));
#1649=CARTESIAN_POINT('',(0.0491413031902903,-0.00995772766986596,0.0639842045834905));
#1650=CARTESIAN_POINT('',(0.0410591211628545,-0.0179686381116383,0.0539499031963797));
#1651=CARTESIAN_POINT('',(0.0409245975624267,-0.0106467024839479,0.0592613145030637));
#1652=CARTESIAN_POINT('',(0.0476590852150746,-0.0112024776043105,0.0652245569377634));
#1653=CARTESIAN_POINT('',(0.0389223439618815,-0.019446325677422,0.0560708426275838));
#1654=CARTESIAN_POINT('',(0.0395591794418118,-0.0116252619663499,0.0603651600288637));
#1655=CARTESIAN_POINT('',(0.0459972998991165,-0.0120844073147718,0.0665109489212384));
#1656=CARTESIAN_POINT('',(0.0365535885512063,-0.0203757416253941,0.0583469369864433));
#1657=CARTESIAN_POINT('',(0.0380278636699688,-0.0123568130258549,0.0615862035745802));
#1658=CARTESIAN_POINT('',(0.0441301699259437,-0.0126140239477464,0.0678402901191152));
#1659=CARTESIAN_POINT('',(0.034102334232448,-0.0206963117937131,0.0606224603703189));
#1660=CARTESIAN_POINT('',(0.0364007848773204,-0.0127833335089242,0.0628660648139823));
#1661=CARTESIAN_POINT('',(0.0421767993537871,-0.012760638155912,0.069115535502388));
#1662=CARTESIAN_POINT('',(0.0315397888815079,-0.020411522184626,0.0629171973946911));
#1663=CARTESIAN_POINT('',(0.0346342573451183,-0.0128799585334411,0.0642336329651509));
#1664=CARTESIAN_POINT('',(0.0401174870649183,-0.0125312682545331,0.070346368587958));
#1665=CARTESIAN_POINT('',(0.029034426591755,-0.0195388773481244,0.0650801999058584));
#1666=CARTESIAN_POINT('',(0.0328322699017158,-0.012603506605078,0.0656021778843288));
#1667=CARTESIAN_POINT('',(0.0380913311277783,-0.0119455729198755,0.0714552576218456));
#1668=CARTESIAN_POINT('',(0.0265649066903679,-0.0180635911227474,0.0671367133414619));
#1669=CARTESIAN_POINT('',(0.0309792819518327,-0.0119085071883563,0.0669783831173947));
#1670=CARTESIAN_POINT('',(0.0360849074200687,-0.0109990829961272,0.0724631166489546));
#1671=CARTESIAN_POINT('',(0.0243070656030033,-0.0160777745520718,0.0689527995852477));
#1672=CARTESIAN_POINT('',(0.0292184595742318,-0.0108090826711038,0.0682549715716933));
#1673=CARTESIAN_POINT('',(0.0342441439272252,-0.00975463100422753,0.0733148885359515));
#1674=CARTESIAN_POINT('',(0.0222511766833673,-0.0135428221292766,0.07055471273771));
#1675=CARTESIAN_POINT('',(0.0275620866427573,-0.00926335461761257,0.0694271007770962));
#1676=CARTESIAN_POINT('',(0.0325637780887869,-0.00819043097050663,0.0740362386904399));
#1677=CARTESIAN_POINT('',(0.0205667254280884,-0.010629166664933,0.0718307760542852));
#1678=CARTESIAN_POINT('',(0.0261685125911422,-0.00737031261810363,0.070391153693934));
#1679=CARTESIAN_POINT('',(0.0311843397625486,-0.0064119727040478,0.0745901631750677));
#1680=CARTESIAN_POINT('',(0.0192599717965999,-0.00728431688762645,0.0727988210272307));
#1681=CARTESIAN_POINT('',(0.0250665349627383,-0.00510318782462995,0.0711392607828211));
#1682=CARTESIAN_POINT('',(0.0301127208412076,-0.00438573308598076,0.074998144317834));
#1683=CARTESIAN_POINT('',(0.0184598196136812,-0.00375775335753208,0.073381958799499));
#1684=CARTESIAN_POINT('',(0.0243826820500166,-0.00264860768156412,0.0715970246554239));
#1685=CARTESIAN_POINT('',(0.029455912952604,-0.00225985679298322,0.0752385690739566));
#1686=CARTESIAN_POINT('',(0.0181727758084508,-1.36067967318165E-5,0.0735895109133832));
#1687=CARTESIAN_POINT('',(0.0241359431749127,-9.62243308647938E-6,0.0717610493820965));
#1688=CARTESIAN_POINT('',(0.0292201856314637,-8.17845468643291E-6,0.0753232359493781));
#1689=CARTESIAN_POINT('',(0.0184560925799755,0.00373699370120603,0.0733846673860869));
#1690=CARTESIAN_POINT('',(0.0243794971202033,0.00263410003557337,0.0715991509452127));
#1691=CARTESIAN_POINT('',(0.0294528531280152,0.00224735525403743,0.075239681730862));
#1692=CARTESIAN_POINT('',(0.0192568261867778,0.00727403952784606,0.0728011175645598));
#1693=CARTESIAN_POINT('',(0.0250638424438769,0.00509609882653611,0.071141067179993));
#1694=CARTESIAN_POINT('',(0.0301101389544806,0.00437952676135217,0.0749990930092063));
#1695=CARTESIAN_POINT('',(0.0205605439884787,0.0106173581936762,0.071835436560991));
#1696=CARTESIAN_POINT('',(0.0261634050150195,0.00736257176130654,0.0703946716875947));
#1697=CARTESIAN_POINT('',(0.0311792762073657,0.00640478118645591,0.0745921740785017));
#1698=CARTESIAN_POINT('',(0.0222531265695411,0.0135462228018165,0.0705532237473676));
#1699=CARTESIAN_POINT('',(0.0275636950064795,0.00926558716502486,0.0694259835087334));
#1700=CARTESIAN_POINT('',(0.0325653737733265,0.00819250685218131,0.074035584602749));
#1701=CARTESIAN_POINT('',(0.0243060403137688,0.0160768460032919,0.0689536389976665));
#1702=CARTESIAN_POINT('',(0.029217692275011,0.0108085594615398,0.068255532764819));
#1703=CARTESIAN_POINT('',(0.0342433097072563,0.00975405003409164,0.0733152919598842));
#1704=CARTESIAN_POINT('',(0.026572070972199,0.018069145279769,0.0671308717624613));
#1705=CARTESIAN_POINT('',(0.0309848021502537,0.0119114694483823,0.0669743446391349));
#1706=CARTESIAN_POINT('',(0.036090740461092,0.0110025872315066,0.0724603280139958));
#1707=CARTESIAN_POINT('',(0.0290374938878596,0.0195401155001307,0.0650775832174461));
#1708=CARTESIAN_POINT('',(0.0328344924934349,0.0126039267080083,0.0656004972195819));
#1709=CARTESIAN_POINT('',(0.038093817036444,0.0119463946683795,0.0714539377167423));
#1710=CARTESIAN_POINT('',(0.0315458575568582,0.0204130036011518,0.0629118702068305));
#1711=CARTESIAN_POINT('',(0.0346385462439806,0.0128802378396512,0.0642303479696826));
#1712=CARTESIAN_POINT('',(0.0401223814066764,0.0125323026205889,0.0703435798112482));
#1713=CARTESIAN_POINT('',(0.0341049738268874,0.0206960349295728,0.0606200189793165));
#1714=CARTESIAN_POINT('',(0.0364025213760142,0.0127828948114192,0.0628646982261849));
#1715=CARTESIAN_POINT('',(0.0421789064685434,0.012760525018017,0.0691141747670104));
#1716=CARTESIAN_POINT('',(0.0365553121584852,0.0203752053388772,0.0583452983342312));
#1717=CARTESIAN_POINT('',(0.0380289874465683,0.0123563586370238,0.0615853120264169));
#1718=CARTESIAN_POINT('',(0.0441315328593477,0.0126137257123456,0.0678393445728355));
#1719=CARTESIAN_POINT('',(0.0389221482202189,0.0194463409439739,0.0560710220822555));
#1720=CARTESIAN_POINT('',(0.0395590441681795,0.0116252926383696,0.060365266082122));
#1721=CARTESIAN_POINT('',(0.0459971433805549,0.0120844126476326,0.0665110479261616));
#1722=CARTESIAN_POINT('',(0.0410587792833275,0.0179687922912269,0.0539502395667264));
#1723=CARTESIAN_POINT('',(0.0409243838154577,0.0106468138781072,0.0592614856177688));
#1724=CARTESIAN_POINT('',(0.0476588172931314,0.0112025661969782,0.065224758692979));
#1725=CARTESIAN_POINT('',(0.0429933303666166,0.0159305690777639,0.0519727528991194));
#1726=CARTESIAN_POINT('',(0.04216737494767,0.00940300658160418,0.0582403578280718));
#1727=CARTESIAN_POINT('',(0.0491401079342259,0.00995900245311506,0.0639852453018749));
#1728=CARTESIAN_POINT('',(0.0446137835585554,0.0134591544078155,0.050272223152367));
#1729=CARTESIAN_POINT('',(0.0432278525578569,0.00794812716275014,0.0573522264151064));
#1730=CARTESIAN_POINT('',(0.0503600376197896,0.00843154685376785,0.0628890748234299));
#1731=CARTESIAN_POINT('',(0.0459407558026525,0.0105446588953465,0.0488487813500742));
#1732=CARTESIAN_POINT('',(0.0441187851612245,0.00624641498492558,0.0565903940108537));
#1733=CARTESIAN_POINT('',(0.0513424943909622,0.00661593181189049,0.0619510323690027));
#1734=CARTESIAN_POINT('',(0.0465808830154663,0.00842977371423339,0.0481498631618557));
#1735=CARTESIAN_POINT('',(0.0445601689053669,0.00500426197930037,0.0562053956080951));
#1736=CARTESIAN_POINT('',(0.0518093102241614,0.00529209424300943,0.0614826423368975));
#1737=CARTESIAN_POINT('',(0.0468453143487088,0.00731928701102385,0.0478598007063004));
#1738=CARTESIAN_POINT('',(0.0447438918987786,0.00434892331774646,0.0560441733238307));
#1739=CARTESIAN_POINT('',(0.0520013146978697,0.00459601824517369,0.0612874309312788));
#1740=CARTESIAN_POINT('',(0.0413224323845448,0.01761127673161,0.0536742206849359));
#1741=CARTESIAN_POINT('',(0.0411408552727985,0.0171427032966533,0.0543061180149478));
#1742=CARTESIAN_POINT('',(0.0408353050526171,0.0163418746019592,0.0556467001263607));
#1743=CARTESIAN_POINT('',(0.0403862553233642,0.0155407525071475,0.0578817182718928));
#1744=CARTESIAN_POINT('',(0.0397133561309799,0.0151661947548155,0.0601782195340555));
#1745=CARTESIAN_POINT('',(0.0389081071934726,0.0151431397051399,0.0615827759817879));
#1746=CARTESIAN_POINT('',(0.0384000603764415,0.0151573758242287,0.0622122891330629));
#1747=CARTESIAN_POINT('',(0.0384000603764416,0.0151573758242287,0.0622122891330629));
#1748=CARTESIAN_POINT('',(0.0384000603764416,0.0151573758242287,0.0622122891330629));
#1749=CARTESIAN_POINT('',(0.0379359306830077,0.0151703813295619,0.0627873852386173));
#1750=CARTESIAN_POINT('',(0.0369238092115005,0.0151799318885291,0.0638403082450843));
#1751=CARTESIAN_POINT('',(0.0345080648158625,0.0151317188288753,0.0655583795205186));
#1752=CARTESIAN_POINT('',(0.0311754024334734,0.0149737031447634,0.0669740680293396));
#1753=CARTESIAN_POINT('',(0.0270521993835349,0.0147164443006965,0.0683455170490384));
#1754=CARTESIAN_POINT('',(0.0243436979075859,0.0145393221037488,0.0693614618601324));
#1755=CARTESIAN_POINT('',(0.0230237308941965,0.0144552931533807,0.069950846038395));
#1756=CARTESIAN_POINT('',(0.0464794504673714,-0.00869944966336542,0.0482599999999965));
#1757=CARTESIAN_POINT('',(0.0465319074728233,-0.00841918218887977,0.0482599999999965));
#1758=CARTESIAN_POINT('',(0.0465829115917484,-0.00813865303652171,0.0482607788402027));
#1759=CARTESIAN_POINT('',(0.0466322150114126,-0.00785781677285196,0.0482621583843804));
#1760=CARTESIAN_POINT('',(0.0292982488689228,0.,0.0752952000256614));
#1761=CARTESIAN_POINT('',(0.0292982488689228,-0.00179834672599057,0.0752952000256614));
#1762=CARTESIAN_POINT('',(0.0299687285224771,-0.00442259639878419,0.0750592206406267));
#1763=CARTESIAN_POINT('',(0.0318508887193779,-0.00737771044946097,0.07432848338965));
#1764=CARTESIAN_POINT('',(0.0342026118237613,-0.00986841735731189,0.073348798682419));
#1765=CARTESIAN_POINT('',(0.0377763705855115,-0.0120610879896844,0.0716788181688735));
#1766=CARTESIAN_POINT('',(0.0408522815873891,-0.0127,0.0699328108008403));
#1767=CARTESIAN_POINT('',(0.0423673147736461,-0.0127,0.0689774587479819));
#1768=CARTESIAN_POINT('',(0.0292982488689228,0.,0.0752952000256614));
#1769=CARTESIAN_POINT('',(0.0423673147736461,0.0127,0.0689774587479819));
#1770=CARTESIAN_POINT('',(0.0408536866257701,0.0127,0.0699319248094879));
#1771=CARTESIAN_POINT('',(0.0377761302689961,0.0120592612162656,0.0716785441841091));
#1772=CARTESIAN_POINT('',(0.0334993750749455,0.00944142351341855,0.0736784440777595));
#1773=CARTESIAN_POINT('',(0.0301968815545351,0.00530682945476202,0.0749793120549449));
#1774=CARTESIAN_POINT('',(0.0292982488689228,0.0017955595860225,0.0752952000256614));
#1775=CARTESIAN_POINT('',(0.0292982488689228,3.18880900787821E-20,0.0752952000256614));
#1776=CARTESIAN_POINT('',(0.0464794504673662,0.0086994496633873,0.04826));
#1777=CARTESIAN_POINT('',(0.0465319074901417,0.00841918209634543,0.04826));
#1778=CARTESIAN_POINT('',(0.0465829116254318,0.00813865285125848,0.048260778840717));
#1779=CARTESIAN_POINT('',(0.046632215060255,0.00785781649464184,0.0482621583857471));
#1780=CARTESIAN_POINT('',(0.0343034647306706,0.,0.0632820682012649));
#1781=CARTESIAN_POINT('',(0.0436232929596707,-0.0127,0.0698645395157844));
#1782=CARTESIAN_POINT('',(0.0429796266844968,-0.0127,0.0704971071612519));
#1783=CARTESIAN_POINT('',(0.0416788013248199,-0.0125190049814864,0.0716930271900938));
#1784=CARTESIAN_POINT('',(0.0396387836702842,-0.0117207806239204,0.073304440396589));
#1785=CARTESIAN_POINT('',(0.0376737969437577,-0.0104936332202075,0.0745988340044178));
#1786=CARTESIAN_POINT('',(0.0357530775228722,-0.00885013827045888,0.075593983396104));
#1787=CARTESIAN_POINT('',(0.0340248283348497,-0.00694518267874509,0.0762139529689181));
#1788=CARTESIAN_POINT('',(0.0319232551596292,-0.00405084984405183,0.0765750062416457));
#1789=CARTESIAN_POINT('',(0.0306797755198988,-0.00160671216993806,0.0762709540124138));
#1790=CARTESIAN_POINT('',(0.0300580015559131,-1.74386319040253E-79,0.0758318032918763));
#1791=CARTESIAN_POINT('',(0.0436232929596707,0.0127,0.0698645395157845));
#1792=CARTESIAN_POINT('',(0.0429796266844968,0.0127,0.0704971071612521));
#1793=CARTESIAN_POINT('',(0.0416788013248199,0.0125190049814864,0.0716930271900939));
#1794=CARTESIAN_POINT('',(0.0396387836702841,0.0117207806239204,0.073304440396589));
#1795=CARTESIAN_POINT('',(0.0376737969437581,0.0104936332202072,0.074598834004418));
#1796=CARTESIAN_POINT('',(0.0357530775228707,0.00885013827045971,0.075593983396103));
#1797=CARTESIAN_POINT('',(0.0340248283348552,0.00694518267874189,0.076213952968922));
#1798=CARTESIAN_POINT('',(0.0319232551596,0.00405084984406876,0.0765750062416251));
#1799=CARTESIAN_POINT('',(0.0306797755200283,0.00160671216986294,0.0762709540125052));
#1800=CARTESIAN_POINT('',(0.0300580015559131,-1.74386319040253E-79,0.0758318032918763));
#1801=CARTESIAN_POINT('',(-0.0468450349992486,0.00732046003750407,0.047860107132225));
#1802=CARTESIAN_POINT('',(-0.0447436979144382,0.00434961519546618,0.0560443435502945));
#1803=CARTESIAN_POINT('',(-0.0520011118608917,0.00459675352204613,0.0612876371548599));
#1804=CARTESIAN_POINT('',(-0.046581115683846,0.00842858997906319,0.0481496066929725));
#1805=CARTESIAN_POINT('',(-0.0445603321439824,0.00500356036889527,0.056205251507301));
#1806=CARTESIAN_POINT('',(-0.0518094784045985,0.00529135159351011,0.0614824689703284));
#1807=CARTESIAN_POINT('',(-0.0459416993735887,0.0105424354023365,0.0488477657908401));
#1808=CARTESIAN_POINT('',(-0.0441194223375732,0.00624511550201061,0.0565898467250371));
#1809=CARTESIAN_POINT('',(-0.0513431908554906,0.00661454508835737,0.0619503609768188));
#1810=CARTESIAN_POINT('',(-0.0446136580811748,0.0134593085385706,0.050272351152686));
#1811=CARTESIAN_POINT('',(-0.0432277708734649,0.00794822273353351,0.0573522937622886));
#1812=CARTESIAN_POINT('',(-0.0503599415672124,0.00843164135547653,0.0628891548608508));
#1813=CARTESIAN_POINT('',(-0.0429949060253981,0.0159284970340621,0.0519711185543941));
#1814=CARTESIAN_POINT('',(-0.0421683986807312,0.00940177014507681,0.0582395077860511));
#1815=CARTESIAN_POINT('',(-0.0491413031902901,0.00995772766986618,0.0639842045834905));
#1816=CARTESIAN_POINT('',(-0.0410591211628545,0.0179686381116381,0.0539499031963796));
#1817=CARTESIAN_POINT('',(-0.0409245975624271,0.0106467024839479,0.0592613145030636));
#1818=CARTESIAN_POINT('',(-0.0476590852150747,0.0112024776043104,0.0652245569377634));
#1819=CARTESIAN_POINT('',(-0.0389223439618814,0.019446325677422,0.0560708426275838));
#1820=CARTESIAN_POINT('',(-0.0395591794418117,0.0116252619663498,0.0603651600288637));
#1821=CARTESIAN_POINT('',(-0.0459972998991165,0.0120844073147717,0.0665109489212384));
#1822=CARTESIAN_POINT('',(-0.0365535885512063,0.0203757416253942,0.0583469369864433));
#1823=CARTESIAN_POINT('',(-0.0380278636699689,0.012356813025855,0.0615862035745801));
#1824=CARTESIAN_POINT('',(-0.0441301699259437,0.0126140239477465,0.0678402901191152));
#1825=CARTESIAN_POINT('',(-0.034102334232448,0.0206963117937131,0.0606224603703189));
#1826=CARTESIAN_POINT('',(-0.0364007848773205,0.0127833335089242,0.0628660648139823));
#1827=CARTESIAN_POINT('',(-0.0421767993537871,0.012760638155912,0.069115535502388));
#1828=CARTESIAN_POINT('',(-0.0315397888815078,0.020411522184626,0.0629171973946912));
#1829=CARTESIAN_POINT('',(-0.0346342573451182,0.0128799585334411,0.0642336329651509));
#1830=CARTESIAN_POINT('',(-0.0401174870649182,0.0125312682545331,0.070346368587958));
#1831=CARTESIAN_POINT('',(-0.0290344265917549,0.0195388773481243,0.0650801999058584));
#1832=CARTESIAN_POINT('',(-0.0328322699017158,0.012603506605078,0.0656021778843288));
#1833=CARTESIAN_POINT('',(-0.0380913311277783,0.0119455729198755,0.0714552576218456));
#1834=CARTESIAN_POINT('',(-0.0265649066903678,0.0180635911227473,0.067136713341462));
#1835=CARTESIAN_POINT('',(-0.0309792819518326,0.0119085071883563,0.0669783831173947));
#1836=CARTESIAN_POINT('',(-0.0360849074200686,0.0109990829961272,0.0724631166489547));
#1837=CARTESIAN_POINT('',(-0.0243070656030033,0.0160777745520717,0.0689527995852477));
#1838=CARTESIAN_POINT('',(-0.0292184595742318,0.0108090826711037,0.0682549715716933));
#1839=CARTESIAN_POINT('',(-0.0342441439272252,0.00975463100422748,0.0733148885359515));
#1840=CARTESIAN_POINT('',(-0.0222511766833673,0.0135428221292765,0.07055471273771));
#1841=CARTESIAN_POINT('',(-0.0275620866427573,0.00926335461761251,0.0694271007770963));
#1842=CARTESIAN_POINT('',(-0.0325637780887869,0.00819043097050657,0.0740362386904399));
#1843=CARTESIAN_POINT('',(-0.0205667254280883,0.0106291666649329,0.0718307760542852));
#1844=CARTESIAN_POINT('',(-0.0261685125911422,0.00737031261810358,0.070391153693934));
#1845=CARTESIAN_POINT('',(-0.0311843397625486,0.00641197270404775,0.0745901631750677));
#1846=CARTESIAN_POINT('',(-0.0192599717965998,0.00728431688762631,0.0727988210272307));
#1847=CARTESIAN_POINT('',(-0.0250665349627383,0.00510318782462985,0.071139260782821));
#1848=CARTESIAN_POINT('',(-0.0301127208412076,0.00438573308598068,0.074998144317834));
#1849=CARTESIAN_POINT('',(-0.0184598196136812,0.00375775335753192,0.0733819587994991));
#1850=CARTESIAN_POINT('',(-0.0243826820500166,0.00264860768156401,0.0715970246554239));
#1851=CARTESIAN_POINT('',(-0.029455912952604,0.00225985679298312,0.0752385690739567));
#1852=CARTESIAN_POINT('',(-0.0181727758084508,1.36067967315394E-5,0.0735895109133833));
#1853=CARTESIAN_POINT('',(-0.0241359431749128,9.6224330862822E-6,0.0717610493820964));
#1854=CARTESIAN_POINT('',(-0.0292201856314637,8.17845468626524E-6,0.0753232359493781));
#1855=CARTESIAN_POINT('',(-0.0184560925799755,-0.00373699370120616,0.0733846673860868));
#1856=CARTESIAN_POINT('',(-0.0243794971202033,-0.00263410003557345,0.0715991509452126));
#1857=CARTESIAN_POINT('',(-0.0294528531280153,-0.00224735525403751,0.075239681730862));
#1858=CARTESIAN_POINT('',(-0.019256826186778,-0.00727403952784642,0.0728011175645598));
#1859=CARTESIAN_POINT('',(-0.025063842443877,-0.00509609882653635,0.071141067179993));
#1860=CARTESIAN_POINT('',(-0.0301101389544807,-0.0043795267613524,0.0749990930092063));
#1861=CARTESIAN_POINT('',(-0.0205605439884788,-0.0106173581936764,0.0718354365609909));
#1862=CARTESIAN_POINT('',(-0.0261634050150195,-0.00736257176130666,0.0703946716875946));
#1863=CARTESIAN_POINT('',(-0.0311792762073658,-0.00640478118645601,0.0745921740785017));
#1864=CARTESIAN_POINT('',(-0.0222531265695412,-0.0135462228018167,0.0705532237473675));
#1865=CARTESIAN_POINT('',(-0.0275636950064796,-0.00926558716502496,0.0694259835087333));
#1866=CARTESIAN_POINT('',(-0.0325653737733266,-0.00819250685218142,0.074035584602749));
#1867=CARTESIAN_POINT('',(-0.0243060403137689,-0.016076846003292,0.0689536389976664));
#1868=CARTESIAN_POINT('',(-0.0292176922750111,-0.0108085594615399,0.068255532764819));
#1869=CARTESIAN_POINT('',(-0.0342433097072564,-0.00975405003409174,0.0733152919598842));
#1870=CARTESIAN_POINT('',(-0.0265720709721994,-0.0180691452797692,0.067130871762461));
#1871=CARTESIAN_POINT('',(-0.030984802150254,-0.0119114694483824,0.0669743446391347));
#1872=CARTESIAN_POINT('',(-0.0360907404610923,-0.0110025872315068,0.0724603280139957));
#1873=CARTESIAN_POINT('',(-0.0290374938878598,-0.0195401155001308,0.0650775832174459));
#1874=CARTESIAN_POINT('',(-0.032834492493435,-0.0126039267080084,0.0656004972195817));
#1875=CARTESIAN_POINT('',(-0.0380938170364442,-0.0119463946683796,0.0714539377167421));
#1876=CARTESIAN_POINT('',(-0.0315458575568585,-0.0204130036011518,0.0629118702068303));
#1877=CARTESIAN_POINT('',(-0.0346385462439808,-0.0128802378396511,0.0642303479696824));
#1878=CARTESIAN_POINT('',(-0.0401223814066767,-0.0125323026205889,0.0703435798112481));
#1879=CARTESIAN_POINT('',(-0.0341049738268876,-0.0206960349295729,0.0606200189793163));
#1880=CARTESIAN_POINT('',(-0.0364025213760143,-0.0127828948114192,0.0628646982261848));
#1881=CARTESIAN_POINT('',(-0.0421789064685435,-0.0127605250180171,0.0691141747670103));
#1882=CARTESIAN_POINT('',(-0.0365553121584856,-0.0203752053388771,0.0583452983342308));
#1883=CARTESIAN_POINT('',(-0.0380289874465686,-0.0123563586370237,0.0615853120264167));
#1884=CARTESIAN_POINT('',(-0.044131532859348,-0.0126137257123455,0.0678393445728353));
#1885=CARTESIAN_POINT('',(-0.0389221482202191,-0.0194463409439738,0.0560710220822553));
#1886=CARTESIAN_POINT('',(-0.0395590441681797,-0.0116252926383695,0.0603652660821219));
#1887=CARTESIAN_POINT('',(-0.0459971433805551,-0.0120844126476325,0.0665110479261614));
#1888=CARTESIAN_POINT('',(-0.0410587792833278,-0.0179687922912265,0.0539502395667259));
#1889=CARTESIAN_POINT('',(-0.0409243838154574,-0.0106468138781069,0.0592614856177686));
#1890=CARTESIAN_POINT('',(-0.0476588172931315,-0.011202566196978,0.0652247586929787));
#1891=CARTESIAN_POINT('',(-0.0429933303666167,-0.0159305690777639,0.0519727528991197));
#1892=CARTESIAN_POINT('',(-0.042167374947672,-0.00940300658160434,0.0582403578280714));
#1893=CARTESIAN_POINT('',(-0.0491401079342268,-0.00995900245311492,0.0639852453018751));
#1894=CARTESIAN_POINT('',(-0.0446137835585568,-0.0134591544078133,0.0502722231523639));
#1895=CARTESIAN_POINT('',(-0.0432278525578505,-0.00794812716274852,0.0573522264151069));
#1896=CARTESIAN_POINT('',(-0.0503600376197878,-0.00843154685376722,0.0628890748234281));
#1897=CARTESIAN_POINT('',(-0.0459407558026482,-0.0105446588953532,0.0488487813500846));
#1898=CARTESIAN_POINT('',(-0.0441187851612492,-0.00624641498492994,0.0565903940108511));
#1899=CARTESIAN_POINT('',(-0.0513424943909695,-0.00661593181189182,0.0619510323690085));
#1900=CARTESIAN_POINT('',(-0.0465808830154761,-0.00842977371421748,0.0481498631618327));
#1901=CARTESIAN_POINT('',(-0.0445601689053136,-0.0050042619792911,0.0562053956081007));
#1902=CARTESIAN_POINT('',(-0.0518093102241461,-0.0052920942430055,0.0614826423368847));
#1903=CARTESIAN_POINT('',(-0.0468453143487089,-0.00731928701102328,0.0478598007063002));
#1904=CARTESIAN_POINT('',(-0.0447438918987787,-0.00434892331774613,0.0560441733238306));
#1905=CARTESIAN_POINT('',(-0.0520013146978698,-0.00459601824517333,0.0612874309312786));
#1906=CARTESIAN_POINT('',(-0.0230237308941964,0.0144552931533807,0.069950846038395));
#1907=CARTESIAN_POINT('',(-0.024341632997849,0.0145391906518291,0.069362383871907));
#1908=CARTESIAN_POINT('',(-0.0270450920147278,0.014716004298974,0.0683482115416665));
#1909=CARTESIAN_POINT('',(-0.0311672585037789,0.0149731321957619,0.0669760343359479));
#1910=CARTESIAN_POINT('',(-0.0344845035807683,0.0151308532241849,0.0655708417843834));
#1911=CARTESIAN_POINT('',(-0.0369137896101029,0.0151799834044271,0.0638502324921297));
#1912=CARTESIAN_POINT('',(-0.0379340699125334,0.0151704334707212,0.0627896908912568));
#1913=CARTESIAN_POINT('',(-0.0384000603764354,0.0151573758242289,0.0622122891330706));
#1914=CARTESIAN_POINT('',(-0.0384000603764354,0.0151573758242289,0.0622122891330705));
#1915=CARTESIAN_POINT('',(-0.0384000603764356,0.0151573758242289,0.0622122891330707));
#1916=CARTESIAN_POINT('',(-0.0389083099973887,0.0151431340223156,0.061582524690515));
#1917=CARTESIAN_POINT('',(-0.039708682678041,0.0151658179819786,0.0601874708530981));
#1918=CARTESIAN_POINT('',(-0.0403842034419961,0.0155381531443711,0.0578922209749799));
#1919=CARTESIAN_POINT('',(-0.0408334774955868,0.0163372551318542,0.0556548510286297));
#1920=CARTESIAN_POINT('',(-0.0411411014313468,0.0171433385273574,0.0543052613710242));
#1921=CARTESIAN_POINT('',(-0.0413224323845448,0.0176112767316101,0.0536742206849359));
#1922=CARTESIAN_POINT('',(-0.0464794504673714,0.00869944966336538,0.0482599999999965));
#1923=CARTESIAN_POINT('',(-0.0465319074728233,0.0084191821888797,0.0482599999999965));
#1924=CARTESIAN_POINT('',(-0.0465829115917484,0.00813865303652162,0.0482607788402027));
#1925=CARTESIAN_POINT('',(-0.0466322150114127,0.00785781677285184,0.0482621583843805));
#1926=CARTESIAN_POINT('',(-0.0292982488689228,0.,0.0752952000256614));
#1927=CARTESIAN_POINT('',(-0.0292982488689228,0.00179834672599057,0.0752952000256614));
#1928=CARTESIAN_POINT('',(-0.0299687285224771,0.00442259639878419,0.0750592206406267));
#1929=CARTESIAN_POINT('',(-0.0318508887193779,0.00737771044946096,0.07432848338965));
#1930=CARTESIAN_POINT('',(-0.0342026118237613,0.00986841735731189,0.073348798682419));
#1931=CARTESIAN_POINT('',(-0.0377763705855115,0.0120610879896844,0.0716788181688735));
#1932=CARTESIAN_POINT('',(-0.0408522815873891,0.0127,0.0699328108008403));
#1933=CARTESIAN_POINT('',(-0.0423673147736461,0.0127,0.0689774587479819));
#1934=CARTESIAN_POINT('',(-0.0292982488689228,0.,0.0752952000256614));
#1935=CARTESIAN_POINT('',(-0.0423673147736461,-0.0127,0.0689774587479819));
#1936=CARTESIAN_POINT('',(-0.0408536866257701,-0.0127,0.0699319248094879));
#1937=CARTESIAN_POINT('',(-0.0377761302689961,-0.0120592612162656,0.0716785441841091));
#1938=CARTESIAN_POINT('',(-0.0334993750749455,-0.00944142351341854,0.0736784440777595));
#1939=CARTESIAN_POINT('',(-0.0301968815545351,-0.00530682945476201,0.0749793120549449));
#1940=CARTESIAN_POINT('',(-0.0292982488689229,-0.00179555958602251,0.0752952000256614));
#1941=CARTESIAN_POINT('',(-0.0292982488689228,-3.19275877846097E-20,0.0752952000256614));
#1942=CARTESIAN_POINT('',(-0.0464794504673662,-0.00869944966338734,0.04826));
#1943=CARTESIAN_POINT('',(-0.0465319076156777,-0.0084191814256315,0.04826));
#1944=CARTESIAN_POINT('',(-0.0465829118695493,-0.00813865150857803,0.0482607788444441));
#1945=CARTESIAN_POINT('',(-0.0466322154142221,-0.0078578144784164,0.0482621583956514));
#1946=CARTESIAN_POINT('',(-0.000637658997963853,0.,0.0395043552358934));
#1947=CARTESIAN_POINT('',(-0.0436232929596707,0.0127,0.0698645395157844));
#1948=CARTESIAN_POINT('',(-0.0429796266844968,0.0127,0.0704971071612519));
#1949=CARTESIAN_POINT('',(-0.0416788013248199,0.0125190049814864,0.0716930271900938));
#1950=CARTESIAN_POINT('',(-0.0396387836702844,0.0117207806239202,0.0733044403965891));
#1951=CARTESIAN_POINT('',(-0.037673796943757,0.0104936332202079,0.0745988340044173));
#1952=CARTESIAN_POINT('',(-0.0357530775228748,0.00885013827045731,0.0755939833961059));
#1953=CARTESIAN_POINT('',(-0.0340248283348397,0.00694518267875091,0.076213952968911));
#1954=CARTESIAN_POINT('',(-0.0319232551596824,0.00405084984402098,0.0765750062416832));
#1955=CARTESIAN_POINT('',(-0.0306797755196629,0.00160671217007492,0.0762709540122471));
#1956=CARTESIAN_POINT('',(-0.0300580015559131,-3.5493791646383E-127,0.0758318032918763));
#1957=CARTESIAN_POINT('',(-0.0436232929596707,-0.0127,0.0698645395157844));
#1958=CARTESIAN_POINT('',(-0.0429796266844968,-0.0127,0.0704971071612519));
#1959=CARTESIAN_POINT('',(-0.0416788013248199,-0.0125190049814864,0.0716930271900938));
#1960=CARTESIAN_POINT('',(-0.0396387836702843,-0.0117207806239203,0.0733044403965891));
#1961=CARTESIAN_POINT('',(-0.0376737969437574,-0.0104936332202076,0.0745988340044176));
#1962=CARTESIAN_POINT('',(-0.0357530775228732,-0.00885013827045826,0.0755939833961048));
#1963=CARTESIAN_POINT('',(-0.0340248283348458,-0.00694518267874738,0.0762139529689153));
#1964=CARTESIAN_POINT('',(-0.0319232551596501,-0.00405084984403974,0.0765750062416604));
#1965=CARTESIAN_POINT('',(-0.0306797755198063,-0.00160671216999173,0.0762709540123484));
#1966=CARTESIAN_POINT('',(-0.0300580015559131,-3.5493791646383E-127,0.0758318032918763));
#1967=CARTESIAN_POINT('',(0.0474791335146242,-0.00491363,0.0766291571244654));
#1968=CARTESIAN_POINT('',(0.0474791335146242,-0.0127,0.0766291571244654));
#1969=CARTESIAN_POINT('',(0.0436232929596706,-0.0127,0.0698645395157846));
#1970=CARTESIAN_POINT('',(0.0466735062797978,-0.00491362999227831,0.0770883656627621));
#1971=CARTESIAN_POINT('',(0.0461745157623773,-0.012423440115038,0.0773727908446832));
#1972=CARTESIAN_POINT('',(0.0428381122179696,-0.0127,0.0706361815119437));
#1973=CARTESIAN_POINT('',(0.0450610932151169,-0.00480961387221781,0.0778217183029064));
#1974=CARTESIAN_POINT('',(0.0437617076279668,-0.011524658176482,0.0783485114431016));
#1975=CARTESIAN_POINT('',(0.0413010980730398,-0.0124311549977621,0.0720233683518977));
#1976=CARTESIAN_POINT('',(0.0426118869576641,-0.0044195472269013,0.0784912409883849));
#1977=CARTESIAN_POINT('',(0.0406957537298446,-0.00975390630813889,0.078885535936725));
#1978=CARTESIAN_POINT('',(0.0390731116065687,-0.0114229703485695,0.0737093986565199));
#1979=CARTESIAN_POINT('',(0.0402832805921218,-0.00387735624695863,0.0787720154069534));
#1980=CARTESIAN_POINT('',(0.0382668436037709,-0.00799701299830883,0.0788793735419225));
#1981=CARTESIAN_POINT('',(0.0370645371835226,-0.0100215979496029,0.0749454084737246));
#1982=CARTESIAN_POINT('',(0.0380165476297626,-0.00321552368721937,0.078734650179695));
#1983=CARTESIAN_POINT('',(0.0362078011102398,-0.00628635358452093,0.0785765715543008));
#1984=CARTESIAN_POINT('',(0.0352267928197745,-0.00831099428092075,0.0758099260811344));
#1985=CARTESIAN_POINT('',(0.0358910301480403,-0.00248799170561033,0.0784178606712989));
#1986=CARTESIAN_POINT('',(0.0344562187157395,-0.00467846007846322,0.0780950789306626));
#1987=CARTESIAN_POINT('',(0.0336258162178745,-0.00643058078467857,0.0763067097292911));
#1988=CARTESIAN_POINT('',(0.0331475750239597,-0.00142924895796248,0.0776401892284542));
#1989=CARTESIAN_POINT('',(0.0323554314498516,-0.0025934587289628,0.0772697249164527));
#1990=CARTESIAN_POINT('',(0.0317336265099921,-0.00369410431112361,0.0765404962211896));
#1991=CARTESIAN_POINT('',(0.0312417303386601,-0.000575299137375724,0.0766678552624865));
#1992=CARTESIAN_POINT('',(0.0309375913726297,-0.00103112222700043,0.0764530459322442));
#1993=CARTESIAN_POINT('',(0.0306334523901261,-0.00148694530207827,0.07623823659902));
#1994=CARTESIAN_POINT('',(0.0300580015559131,-1.46068302266397E-93,0.0758318032918764));
#1995=CARTESIAN_POINT('',(0.0300580015559131,-8.71931595201278E-80,0.0758318032918764));
#1996=CARTESIAN_POINT('',(0.0300580015559131,-1.74386319040254E-79,0.0758318032918764));
#1997=CARTESIAN_POINT('',(0.0436232929596707,-0.00491363,0.0698645395157844));
#1998=CARTESIAN_POINT('',(0.0436232929596707,-0.0127,0.0698645395157844));
#1999=CARTESIAN_POINT('',(0.0474791335146242,-0.0127,0.0766291571244653));
#2000=CARTESIAN_POINT('',(0.0474791335146242,-0.00491363,0.0766291571244654));
#2001=CARTESIAN_POINT('',(0.0440785779582437,-0.0127,0.0696050264931877));
#2002=CARTESIAN_POINT('',(0.0483914738197336,-0.0127000000000045,0.0761091220048264));
#2003=CARTESIAN_POINT('',(0.0483914738184088,-0.00491363000000068,0.0761091220024893));
#2004=CARTESIAN_POINT('',(0.0449179283713911,-0.0127,0.0690086344417852));
#2005=CARTESIAN_POINT('',(0.0501193662634124,-0.0126999999999979,0.0748901398311851));
#2006=CARTESIAN_POINT('',(0.0501193662641319,-0.00491362999999968,0.0748901398322976));
#2007=CARTESIAN_POINT('',(0.0457955564404847,-0.0127,0.0680248450441256));
#2008=CARTESIAN_POINT('',(0.052066474750723,-0.0127000000000002,0.0727284500469591));
#2009=CARTESIAN_POINT('',(0.0520664747504004,-0.00491363000000003,0.072728450046821));
#2010=CARTESIAN_POINT('',(0.0463215076820522,-0.0127,0.0671311213169011));
#2011=CARTESIAN_POINT('',(0.0533097831520091,-0.0127,0.0706234680497718));
#2012=CARTESIAN_POINT('',(0.053309783152446,-0.00491363000000002,0.0706234680497979));
#2013=CARTESIAN_POINT('',(0.0467223856361204,-0.0127,0.0661572103251171));
#2014=CARTESIAN_POINT('',(0.0542995971756517,-0.0126999999999997,0.0682304221012131));
#2015=CARTESIAN_POINT('',(0.0542995971733532,-0.00491362999999985,0.0682304221011944));
#2016=CARTESIAN_POINT('',(0.046849289677803,-0.0127,0.0653859496163249));
#2017=CARTESIAN_POINT('',(0.0546356596715296,-0.0127000000000013,0.0662294488360405));
#2018=CARTESIAN_POINT('',(0.0546356596817118,-0.00491363000000069,0.0662294488360554));
#2019=CARTESIAN_POINT('',(0.0468492896817118,-0.0127,0.0648592434589045));
#2020=CARTESIAN_POINT('',(0.0546356596817118,-0.0127,0.0648592434589046));
#2021=CARTESIAN_POINT('',(0.0546356596817118,-0.00491363,0.0648592434589046));
#2022=CARTESIAN_POINT('',(0.0468492896817118,-0.00491363,0.0648592434589045));
#2023=CARTESIAN_POINT('',(0.0429812661050488,-0.00491363,0.0648592434589045));
#2024=CARTESIAN_POINT('',(0.0436232929596707,0.0127,0.0698645395157844));
#2025=CARTESIAN_POINT('',(0.0474791335146242,0.0127,0.0766291571244653));
#2026=CARTESIAN_POINT('',(0.0474791335146242,0.00491363,0.0766291571244653));
#2027=CARTESIAN_POINT('',(0.0428381122179087,0.0127,0.0706361815120816));
#2028=CARTESIAN_POINT('',(0.0461745157623539,0.0124234401150028,0.0773727908447456));
#2029=CARTESIAN_POINT('',(0.0466735062798138,0.00491362999227831,0.0770883656627529));
#2030=CARTESIAN_POINT('',(0.0413010980730681,0.012431154997762,0.0720233683518338));
#2031=CARTESIAN_POINT('',(0.0437617076279745,0.0115246581764965,0.0783485114430753));
#2032=CARTESIAN_POINT('',(0.0450610932151095,0.00480961387221776,0.0778217183029108));
#2033=CARTESIAN_POINT('',(0.0390731116065611,0.0114229703485699,0.0737093986565369));
#2034=CARTESIAN_POINT('',(0.0406957537298439,0.00975390630813607,0.0788855359367304));
#2035=CARTESIAN_POINT('',(0.0426118869576659,0.00441954722690147,0.0784912409883836));
#2036=CARTESIAN_POINT('',(0.037064537183525,0.0100215979496013,0.0749454084737202));
#2037=CARTESIAN_POINT('',(0.0382668436037695,0.00799701299830825,0.0788793735419245));
#2038=CARTESIAN_POINT('',(0.040283280592122,0.00387735624695801,0.0787720154069542));
#2039=CARTESIAN_POINT('',(0.0352267928197725,0.00831099428092653,0.0758099260811346));
#2040=CARTESIAN_POINT('',(0.0362078011102451,0.00628635358452519,0.0785765715542883));
#2041=CARTESIAN_POINT('',(0.0380165476297597,0.00321552368722162,0.0787346501796928));
#2042=CARTESIAN_POINT('',(0.0336258162178798,0.00643058078465693,0.0763067097292946));
#2043=CARTESIAN_POINT('',(0.0344562187157205,0.00467846007844743,0.0780950789307086));
#2044=CARTESIAN_POINT('',(0.0358910301480513,0.0024879917056019,0.0784178606713068));
#2045=CARTESIAN_POINT('',(0.0317336265099641,0.00369410431123851,0.0765404962211701));
#2046=CARTESIAN_POINT('',(0.0323554314499482,0.00259345872904363,0.0772697249162178));
#2047=CARTESIAN_POINT('',(0.0331475750239009,0.00142924895800729,0.0776401892284126));
#2048=CARTESIAN_POINT('',(0.0306334523902497,0.00148694530156848,0.0762382365991073));
#2049=CARTESIAN_POINT('',(0.0309375913722068,0.00103112222664613,0.0764530459332729));
#2050=CARTESIAN_POINT('',(0.031241730338921,0.000575299137176915,0.0766678552626707));
#2051=CARTESIAN_POINT('',(0.0300580015559131,-1.74386319040254E-79,0.0758318032918764));
#2052=CARTESIAN_POINT('',(0.0300580015559131,-8.71931595201278E-80,0.0758318032918764));
#2053=CARTESIAN_POINT('',(0.0300580015559131,-1.46068302266397E-93,0.0758318032918764));
#2054=CARTESIAN_POINT('',(0.0436232929596707,0.00491363,0.0698645395157845));
#2055=CARTESIAN_POINT('',(0.0468492896817118,0.0127,0.0648592434589045));
#2056=CARTESIAN_POINT('',(0.0546356596817118,0.0127,0.0648592434589045));
#2057=CARTESIAN_POINT('',(0.0546356596817118,0.00491363,0.0648592434589045));
#2058=CARTESIAN_POINT('',(0.0468492896777764,0.0127,0.0653838998172702));
#2059=CARTESIAN_POINT('',(0.0546356596714586,0.0126999999999981,0.0662241163643594));
#2060=CARTESIAN_POINT('',(0.0546356596817118,0.00491362999999727,0.0662241163643835));
#2061=CARTESIAN_POINT('',(0.0466803572355287,0.0127,0.066411290690606));
#2062=CARTESIAN_POINT('',(0.0541875747682103,0.0127000000000008,0.068890388826551));
#2063=CARTESIAN_POINT('',(0.0541875747635335,0.00491363000000136,0.0688903888266876));
#2064=CARTESIAN_POINT('',(0.0459741067334509,0.0127,0.0678241874336581));
#2065=CARTESIAN_POINT('',(0.0524623746627579,0.0127000000000001,0.0722885586130673));
#2066=CARTESIAN_POINT('',(0.0524623746637469,0.00491362999999932,0.0722885586125532));
#2067=CARTESIAN_POINT('',(0.0449313780946959,0.0127,0.0689970481147041));
#2068=CARTESIAN_POINT('',(0.0501479601302007,0.0126999999999989,0.0748652683998578));
#2069=CARTESIAN_POINT('',(0.0501479601309213,0.00491363000000136,0.0748652684017777));
#2070=CARTESIAN_POINT('',(0.0440776292404414,0.0127,0.0696055672647069));
#2071=CARTESIAN_POINT('',(0.0483895726946034,0.0127000000000026,0.0761102056509237));
#2072=CARTESIAN_POINT('',(0.0483895726922626,0.00491362999999728,0.0761102056467867));
#2073=CARTESIAN_POINT('',(0.0436232929596707,0.0127,0.0698645395157845));
#2074=CARTESIAN_POINT('',(0.0474791335146243,0.0127,0.0766291571244654));
#2075=CARTESIAN_POINT('',(0.0474791335146242,0.00491363,0.0766291571244654));
#2076=CARTESIAN_POINT('',(0.0468492896817118,0.00491363,0.0648592434589045));
#2077=CARTESIAN_POINT('',(0.0429812661050488,0.00491363,0.0648592434589045));
#2078=CARTESIAN_POINT('',(-0.0429812661050489,0.00491363,0.0648592434589045));
#2079=CARTESIAN_POINT('',(-0.0468492896817118,0.00491363,0.0648592434589045));
#2080=CARTESIAN_POINT('',(-0.0436232929596707,0.0127,0.0698645395157844));
#2081=CARTESIAN_POINT('',(-0.0474791335146242,0.0127,0.0766291571244653));
#2082=CARTESIAN_POINT('',(-0.0474791335146242,0.00491363,0.0766291571244653));
#2083=CARTESIAN_POINT('',(-0.0440785779582419,0.0127,0.0696050264931876));
#2084=CARTESIAN_POINT('',(-0.0483914738196771,0.0126999999999981,0.0761091220048263));
#2085=CARTESIAN_POINT('',(-0.0483914738183693,0.00491362999999728,0.0761091220025119));
#2086=CARTESIAN_POINT('',(-0.0449179283713919,0.0127,0.0690086344417852));
#2087=CARTESIAN_POINT('',(-0.0501193662634393,0.0127000000000009,0.0748901398311854));
#2088=CARTESIAN_POINT('',(-0.0501193662641508,0.00491363000000127,0.0748901398322873));
#2089=CARTESIAN_POINT('',(-0.0457955564404846,0.0127,0.0680248450441256));
#2090=CARTESIAN_POINT('',(-0.0520664747507197,0.0126999999999999,0.072728450046958));
#2091=CARTESIAN_POINT('',(-0.052066474750398,0.0049136299999999,0.072728450046821));
#2092=CARTESIAN_POINT('',(-0.0463215076820522,0.0127,0.0671311213169011));
#2093=CARTESIAN_POINT('',(-0.0533097831520097,0.0126999999999999,0.0706234680497737));
#2094=CARTESIAN_POINT('',(-0.0533097831524464,0.00491362999999991,0.0706234680498));
#2095=CARTESIAN_POINT('',(-0.0467223856361204,0.0127,0.0661572103251171));
#2096=CARTESIAN_POINT('',(-0.0542995971756513,0.0127000000000004,0.0682304221012026));
#2097=CARTESIAN_POINT('',(-0.0542995971733529,0.0049136300000006,0.0682304221011822));
#2098=CARTESIAN_POINT('',(-0.046849289677803,0.0127,0.0653859496163249));
#2099=CARTESIAN_POINT('',(-0.0546356596715296,0.0126999999999981,0.066229448836087));
#2100=CARTESIAN_POINT('',(-0.0546356596817118,0.00491362999999726,0.0662294488361102));
#2101=CARTESIAN_POINT('',(-0.0468492896817118,0.0127,0.0648592434589045));
#2102=CARTESIAN_POINT('',(-0.0546356596817118,0.0127,0.0648592434589045));
#2103=CARTESIAN_POINT('',(-0.0546356596817118,0.00491363,0.0648592434589045));
#2104=CARTESIAN_POINT('',(-0.0436232929596707,0.00491363,0.0698645395157844));
#2105=CARTESIAN_POINT('',(-0.0474791335146242,0.00491363,0.0766291571244653));
#2106=CARTESIAN_POINT('',(-0.0474791335146242,0.0127,0.0766291571244653));
#2107=CARTESIAN_POINT('',(-0.0436232929596707,0.0127,0.0698645395157844));
#2108=CARTESIAN_POINT('',(-0.0466735062797814,0.00491362999227831,0.0770883656627714));
#2109=CARTESIAN_POINT('',(-0.0461745157623196,0.0124234401149967,0.0773727908447805));
#2110=CARTESIAN_POINT('',(-0.0428381122178975,0.0127,0.0706361815120944));
#2111=CARTESIAN_POINT('',(-0.0450610932151246,0.00480961387221776,0.0778217183029022));
#2112=CARTESIAN_POINT('',(-0.0437617076279895,0.0115246581764991,0.0783485114430598));
#2113=CARTESIAN_POINT('',(-0.0413010980730733,0.012431154997762,0.0720233683518278));
#2114=CARTESIAN_POINT('',(-0.0426118869576618,0.00441954722690144,0.0784912409883858));
#2115=CARTESIAN_POINT('',(-0.0406957537298398,0.00975390630813543,0.0788855359367349));
#2116=CARTESIAN_POINT('',(-0.0390731116065597,0.0114229703485698,0.0737093986565386));
#2117=CARTESIAN_POINT('',(-0.0402832805921233,0.00387735624695813,0.0787720154069538));
#2118=CARTESIAN_POINT('',(-0.0382668436037723,0.00799701299830862,0.078879373541921));
#2119=CARTESIAN_POINT('',(-0.0370645371835253,0.0100215979496016,0.0749454084737197));
#2120=CARTESIAN_POINT('',(-0.0380165476297587,0.00321552368722122,0.0787346501796924));
#2121=CARTESIAN_POINT('',(-0.0362078011102383,0.00628635358452439,0.0785765715542974));
#2122=CARTESIAN_POINT('',(-0.0352267928197728,0.00831099428092552,0.0758099260811349));
#2123=CARTESIAN_POINT('',(-0.0358910301480542,0.00248799170560339,0.0784178606713087));
#2124=CARTESIAN_POINT('',(-0.0344562187157443,0.00467846007845015,0.0780950789306769));
#2125=CARTESIAN_POINT('',(-0.0336258162178785,0.00643058078466061,0.0763067097292936));
#2126=CARTESIAN_POINT('',(-0.0331475750238863,0.00142924895799929,0.0776401892284023));
#2127=CARTESIAN_POINT('',(-0.0323554314498275,0.00259345872902957,0.0772697249163793));
#2128=CARTESIAN_POINT('',(-0.0317336265099711,0.00369410431121875,0.0765404962211751));
#2129=CARTESIAN_POINT('',(-0.0312417303389861,0.000575299137212415,0.0766678552627166));
#2130=CARTESIAN_POINT('',(-0.0309375913727355,0.00103112222670772,0.0764530459325659));
#2131=CARTESIAN_POINT('',(-0.0306334523902187,0.00148694530165618,0.0762382365990853));
#2132=CARTESIAN_POINT('',(-0.0300580015559132,-5.47385534887821E-141,0.0758318032918763));
#2133=CARTESIAN_POINT('',(-0.0300580015559132,-1.77468958231918E-127,0.0758318032918763));
#2134=CARTESIAN_POINT('',(-0.0300580015559132,-3.54937916463831E-127,0.0758318032918763));
#2135=CARTESIAN_POINT('',(-0.0429812661050489,-0.00491363,0.0648592434589045));
#2136=CARTESIAN_POINT('',(-0.0468492896817118,-0.00491363,0.0648592434589045));
#2137=CARTESIAN_POINT('',(-0.0468492896817118,-0.0127,0.0648592434589045));
#2138=CARTESIAN_POINT('',(-0.0546356596817118,-0.0127,0.0648592434589045));
#2139=CARTESIAN_POINT('',(-0.0546356596817118,-0.00491363,0.0648592434589045));
#2140=CARTESIAN_POINT('',(-0.0468492896777764,-0.0127,0.0653838998172702));
#2141=CARTESIAN_POINT('',(-0.0546356596714586,-0.0127000000000019,0.0662241163643671));
#2142=CARTESIAN_POINT('',(-0.0546356596817118,-0.00491363000000068,0.0662241163643835));
#2143=CARTESIAN_POINT('',(-0.0466803572355276,-0.0127,0.066411290690604));
#2144=CARTESIAN_POINT('',(-0.0541875747682054,-0.012699999999999,0.068890388826545));
#2145=CARTESIAN_POINT('',(-0.0541875747635311,-0.00491362999999966,0.0688903888266889));
#2146=CARTESIAN_POINT('',(-0.0459741067334548,-0.0127,0.0678241874336649));
#2147=CARTESIAN_POINT('',(-0.0524623746627752,-0.0127000000000007,0.0722885586130766));
#2148=CARTESIAN_POINT('',(-0.0524623746637552,-0.00491363000000017,0.0722885586125485));
#2149=CARTESIAN_POINT('',(-0.0449313780946817,-0.0127,0.0689970481146788));
#2150=CARTESIAN_POINT('',(-0.0501479601301365,-0.0126999999999982,0.0748652683998265));
#2151=CARTESIAN_POINT('',(-0.0501479601308905,-0.00491362999999966,0.0748652684017952));
#2152=CARTESIAN_POINT('',(-0.0440776292404722,-0.0127,0.0696055672647612));
#2153=CARTESIAN_POINT('',(-0.0483895726947419,-0.0127000000000038,0.0761102056509903));
#2154=CARTESIAN_POINT('',(-0.048389572692329,-0.00491363000000068,0.0761102056467487));
#2155=CARTESIAN_POINT('',(-0.0436232929596707,-0.0127,0.0698645395157844));
#2156=CARTESIAN_POINT('',(-0.0474791335146242,-0.0127,0.0766291571244653));
#2157=CARTESIAN_POINT('',(-0.0474791335146242,-0.00491363,0.0766291571244653));
#2158=CARTESIAN_POINT('',(-0.0436232929596707,-0.00491363,0.0698645395157844));
#2159=CARTESIAN_POINT('',(-0.0436232929596707,-0.0127,0.0698645395157844));
#2160=CARTESIAN_POINT('',(-0.0474791335146242,-0.0127,0.0766291571244653));
#2161=CARTESIAN_POINT('',(-0.0474791335146242,-0.00491363,0.0766291571244653));
#2162=CARTESIAN_POINT('',(-0.0428381122178975,-0.0127,0.0706361815120944));
#2163=CARTESIAN_POINT('',(-0.0461745157623164,-0.0124234401149963,0.0773727908447839));
#2164=CARTESIAN_POINT('',(-0.0466735062797814,-0.00491362999227831,0.0770883656627714));
#2165=CARTESIAN_POINT('',(-0.0413010980730733,-0.012431154997762,0.0720233683518278));
#2166=CARTESIAN_POINT('',(-0.0437617076279905,-0.0115246581764992,0.0783485114430586));
#2167=CARTESIAN_POINT('',(-0.0450610932151246,-0.00480961387221776,0.0778217183029022));
#2168=CARTESIAN_POINT('',(-0.0390731116065597,-0.0114229703485699,0.0737093986565386));
#2169=CARTESIAN_POINT('',(-0.0406957537298401,-0.00975390630813546,0.0788855359367344));
#2170=CARTESIAN_POINT('',(-0.0426118869576618,-0.00441954722690145,0.0784912409883858));
#2171=CARTESIAN_POINT('',(-0.0370645371835254,-0.0100215979496015,0.0749454084737198));
#2172=CARTESIAN_POINT('',(-0.0382668436037702,-0.00799701299830852,0.0788793735419241));
#2173=CARTESIAN_POINT('',(-0.0402832805921233,-0.00387735624695809,0.0787720154069538));
#2174=CARTESIAN_POINT('',(-0.0352267928197727,-0.00831099428092576,0.0758099260811349));
#2175=CARTESIAN_POINT('',(-0.0362078011102459,-0.00628635358452459,0.0785765715542864));
#2176=CARTESIAN_POINT('',(-0.0380165476297587,-0.00321552368722134,0.0787346501796924));
#2177=CARTESIAN_POINT('',(-0.0336258162178789,-0.00643058078465976,0.0763067097292939));
#2178=CARTESIAN_POINT('',(-0.0344562187157167,-0.00467846007844946,0.0780950789307162));
#2179=CARTESIAN_POINT('',(-0.0358910301480542,-0.00248799170560295,0.0784178606713087));
#2180=CARTESIAN_POINT('',(-0.0317336265099693,-0.00369410431122321,0.0765404962211739));
#2181=CARTESIAN_POINT('',(-0.0323554314499684,-0.00259345872903302,0.0772697249161789));
#2182=CARTESIAN_POINT('',(-0.0331475750238865,-0.00142924895800158,0.0776401892284025));
#2183=CARTESIAN_POINT('',(-0.0306334523902266,-0.00148694530163612,0.0762382365990908));
#2184=CARTESIAN_POINT('',(-0.0309375913721186,-0.00103112222669257,0.0764530459334432));
#2185=CARTESIAN_POINT('',(-0.031241730338985,-0.000575299137202159,0.0766678552627158));
#2186=CARTESIAN_POINT('',(-0.0300580015559132,-3.54937916463831E-127,0.0758318032918763));
#2187=CARTESIAN_POINT('',(-0.0300580015559132,-1.77468958231918E-127,0.0758318032918763));
#2188=CARTESIAN_POINT('',(-0.0300580015559132,-5.47385534887821E-141,0.0758318032918763));
#2189=CARTESIAN_POINT('',(-0.0474326149902225,0.0196472324277714,-3.06394382678677E-18));
#2190=CARTESIAN_POINT('',(-0.0513406925048888,3.8597597340484E-17,-3.06394382678676E-18));
#2191=CARTESIAN_POINT('',(-0.0474326149902224,-0.0196472324277715,-3.06394382678677E-18));
#2192=CARTESIAN_POINT('',(-0.0363033518210202,-0.0363033518210202,-3.06394382678676E-18));
#2193=CARTESIAN_POINT('',(-0.0196472324277715,-0.0474326149902224,-3.06394382678676E-18));
#2194=CARTESIAN_POINT('',(-3.87602276663568E-18,-0.0513406925048888,-3.06394382678677E-18));
#2195=CARTESIAN_POINT('',(0.0196472324277715,-0.0474326149902224,-3.06394382678677E-18));
#2196=CARTESIAN_POINT('',(0.0363033518210202,-0.0363033518210202,-3.06394382678677E-18));
#2197=CARTESIAN_POINT('',(0.0474326149902224,-0.0196472324277715,-3.06394382678677E-18));
#2198=CARTESIAN_POINT('',(0.0513406925048888,-6.70024237101833E-18,-3.06394382678677E-18));
#2199=CARTESIAN_POINT('',(0.0474326149902224,0.0196472324277715,-3.06394382678677E-18));
#2200=CARTESIAN_POINT('',(0.0363033518210202,0.0363033518210202,-3.06394382678676E-18));
#2201=CARTESIAN_POINT('',(0.0196472324277715,0.0474326149902224,-3.06394382678677E-18));
#2202=CARTESIAN_POINT('',(1.49077798716757E-17,0.0513406925048888,-3.06394382678677E-18));
#2203=CARTESIAN_POINT('',(-0.0196472324277715,0.0474326149902224,-3.06394382678677E-18));
#2204=CARTESIAN_POINT('',(-0.0363033518210202,0.0363033518210202,-3.06394382678677E-18));
#2205=CARTESIAN_POINT('',(-0.0474326149902225,0.0196472324277714,-3.06394382678677E-18));
#2206=CARTESIAN_POINT('',(-0.0513406925048888,3.8597597340484E-17,-3.06394382678676E-18));
#2207=CARTESIAN_POINT('',(-0.0474326149902224,-0.0196472324277715,-3.06394382678677E-18));
#2208=CARTESIAN_POINT('',(-0.0565438424705752,0.0234212264199999,0.0160866582));
#2209=CARTESIAN_POINT('',(-0.0612026140647124,4.46691295064028E-17,0.0160866582));
#2210=CARTESIAN_POINT('',(-0.0565438424705751,-0.0234212264200001,0.0160866582));
#2211=CARTESIAN_POINT('',(-0.0432767834315013,-0.0432767834315013,0.0160866582));
#2212=CARTESIAN_POINT('',(-0.0234212264200001,-0.0565438424705751,0.0160866582));
#2213=CARTESIAN_POINT('',(-6.58652819784944E-18,-0.0612026140647124,0.0160866582));
#2214=CARTESIAN_POINT('',(0.0234212264200001,-0.0565438424705751,0.0160866582));
#2215=CARTESIAN_POINT('',(0.0432767834315013,-0.0432767834315013,0.0160866582));
#2216=CARTESIAN_POINT('',(0.0565438424705752,-0.0234212264200001,0.0160866582));
#2217=CARTESIAN_POINT('',(0.0612026140647124,-1.64475269511064E-17,0.0160866582));
#2218=CARTESIAN_POINT('',(0.0565438424705752,0.0234212264200001,0.0160866582));
#2219=CARTESIAN_POINT('',(0.0432767834315013,0.0432767834315012,0.0160866582));
#2220=CARTESIAN_POINT('',(0.0234212264200001,0.0565438424705753,0.0160866582));
#2221=CARTESIAN_POINT('',(-5.80048162279745E-18,0.0612026140647123,0.0160866582));
#2222=CARTESIAN_POINT('',(-0.02342122642,0.0565438424705752,0.0160866582));
#2223=CARTESIAN_POINT('',(-0.0432767834315014,0.0432767834315013,0.0160866582));
#2224=CARTESIAN_POINT('',(-0.0565438424705752,0.0234212264199999,0.0160866582));
#2225=CARTESIAN_POINT('',(-0.0612026140647124,4.46691295064028E-17,0.0160866582));
#2226=CARTESIAN_POINT('',(-0.0565438424705751,-0.0234212264200001,0.0160866582));
#2227=CARTESIAN_POINT('',(-0.0497873915110568,0.0206226127990587,0.0321733418));
#2228=CARTESIAN_POINT('',(-0.0538894842444716,3.29597460435593E-17,0.0321733418));
#2229=CARTESIAN_POINT('',(-0.0497873915110567,-0.0206226127990588,0.0321733418));
#2230=CARTESIAN_POINT('',(-0.0381056197439116,-0.0381056197439115,0.0321733418));
#2231=CARTESIAN_POINT('',(-0.0206226127990588,-0.0497873915110567,0.0321733418));
#2232=CARTESIAN_POINT('',(-5.7327189870171E-18,-0.0538894842444716,0.0321733418));
#2233=CARTESIAN_POINT('',(0.0206226127990588,-0.0497873915110567,0.0321733418));
#2234=CARTESIAN_POINT('',(0.0381056197439115,-0.0381056197439115,0.0321733418));
#2235=CARTESIAN_POINT('',(0.0497873915110568,-0.0206226127990588,0.0321733418));
#2236=CARTESIAN_POINT('',(0.0538894842444715,5.00067076235258E-19,0.0321733418));
#2237=CARTESIAN_POINT('',(0.0497873915110568,0.0206226127990588,0.0321733418));
#2238=CARTESIAN_POINT('',(0.0381056197439115,0.0381056197439115,0.0321733418));
#2239=CARTESIAN_POINT('',(0.0206226127990589,0.0497873915110568,0.0321733418));
#2240=CARTESIAN_POINT('',(1.51788304147971E-18,0.0538894842444716,0.0321733418));
#2241=CARTESIAN_POINT('',(-0.0206226127990588,0.0497873915110568,0.0321733418));
#2242=CARTESIAN_POINT('',(-0.0381056197439115,0.0381056197439115,0.0321733418));
#2243=CARTESIAN_POINT('',(-0.0497873915110568,0.0206226127990587,0.0321733418));
#2244=CARTESIAN_POINT('',(-0.0538894842444716,3.29597460435593E-17,0.0321733418));
#2245=CARTESIAN_POINT('',(-0.0497873915110567,-0.0206226127990588,0.0321733418));
#2246=CARTESIAN_POINT('',(-0.0448244471799682,0.0185668939478191,0.04826));
#2247=CARTESIAN_POINT('',(-0.0485176320100159,3.64291929955129E-17,0.04826));
#2248=CARTESIAN_POINT('',(-0.0448244471799682,-0.0185668939478193,0.04826));
#2249=CARTESIAN_POINT('',(-0.0343071466013958,-0.0343071466013957,0.04826));
#2250=CARTESIAN_POINT('',(-0.0185668939478193,-0.0448244471799682,0.04826));
#2251=CARTESIAN_POINT('',(-7.14218181124826E-18,-0.0485176320100159,0.04826));
#2252=CARTESIAN_POINT('',(0.0185668939478192,-0.0448244471799682,0.04826));
#2253=CARTESIAN_POINT('',(0.0343071466013958,-0.0343071466013958,0.04826));
#2254=CARTESIAN_POINT('',(0.0448244471799681,-0.0185668939478192,0.04826));
#2255=CARTESIAN_POINT('',(0.0485176320100159,-8.02796651583945E-18,0.04826));
#2256=CARTESIAN_POINT('',(0.0448244471799682,0.0185668939478192,0.04826));
#2257=CARTESIAN_POINT('',(0.0343071466013958,0.0343071466013957,0.04826));
#2258=CARTESIAN_POINT('',(0.0185668939478193,0.0448244471799681,0.04826));
#2259=CARTESIAN_POINT('',(2.07624716030974E-17,0.0485176320100159,0.04826));
#2260=CARTESIAN_POINT('',(-0.0185668939478193,0.0448244471799682,0.04826));
#2261=CARTESIAN_POINT('',(-0.0343071466013958,0.0343071466013957,0.04826));
#2262=CARTESIAN_POINT('',(-0.0448244471799682,0.0185668939478191,0.04826));
#2263=CARTESIAN_POINT('',(-0.0485176320100159,3.64291929955129E-17,0.04826));
#2264=CARTESIAN_POINT('',(-0.0448244471799682,-0.0185668939478193,0.04826));
#2265=CARTESIAN_POINT('',(-0.0386975754793085,0.0271756764813201,0.04826));
#2266=CARTESIAN_POINT('',(-0.0379240185430777,0.0283536105782056,0.0481250812964755));
#2267=CARTESIAN_POINT('',(-0.0370436725135863,0.029486888800193,0.0481397623021831));
#2268=CARTESIAN_POINT('',(-0.0361031946288606,0.0305381577339689,0.04826));
#2269=CARTESIAN_POINT('',(0.0361031946288606,0.0305381577339689,0.04826));
#2270=CARTESIAN_POINT('',(0.0370436725136224,0.0294868888002474,0.0481397623019903));
#2271=CARTESIAN_POINT('',(0.0379240185430777,0.0283536105782056,0.0481250812964755));
#2272=CARTESIAN_POINT('',(0.0386975754793085,0.0271756764813201,0.04826));
#2273=CARTESIAN_POINT('',(0.,0.,0.));
#2274=CARTESIAN_POINT('',(0.050038,0.,0.));
#2275=CARTESIAN_POINT('',(-0.025019,0.,0.));
#2276=CARTESIAN_POINT('',(-0.05,0.0154199412420391,0.0617405622912722));
#2277=CARTESIAN_POINT('',(-0.0444201048710346,0.0154199412420391,0.0617405622912722));
#2278=CARTESIAN_POINT('',(0.0377873211583866,0.0154199412420391,0.0617405622912722));
#2279=CARTESIAN_POINT('',(-0.037787321158381,0.0154199412420391,0.0617405622912722));
#2280=CARTESIAN_POINT('',(-0.037787321158381,0.0154199412420391,0.0617405622912795));
#2281=CARTESIAN_POINT('',(-0.0373459098262477,0.0154199412420391,0.0623139238440478));
#2282=CARTESIAN_POINT('',(-0.036356717154526,0.0154199412420391,0.0633501289175057));
#2283=CARTESIAN_POINT('',(-0.0339262970192804,0.0154199412420391,0.064936058884941));
#2284=CARTESIAN_POINT('',(-0.0306050949731722,0.0154199412420391,0.0661146575625877));
#2285=CARTESIAN_POINT('',(-0.026513200071512,0.0154199412420391,0.0673108930749671));
#2286=CARTESIAN_POINT('',(-0.0238427072479448,0.0154199412420391,0.0682576487143522));
#2287=CARTESIAN_POINT('',(-0.0225373803124295,0.0154199412420391,0.068818095703213));
#2288=CARTESIAN_POINT('',(-0.0225373803124295,0.0154199412420391,0.068818095703213));
#2289=CARTESIAN_POINT('',(-0.0225373803124295,0.0154199412420391,0.068818095703213));
#2290=CARTESIAN_POINT('',(-0.0207516671558001,0.0154199412420391,0.0695847983080336));
#2291=CARTESIAN_POINT('',(-0.0171120014839087,0.0154199412420391,0.0709082923534605));
#2292=CARTESIAN_POINT('',(-0.00955430401987162,0.0154199412420391,0.072777440385001));
#2293=CARTESIAN_POINT('',(-0.00193613278964651,0.0154199412420391,0.0734967657700393));
#2294=CARTESIAN_POINT('',(0.00582561692818148,0.0154199412420391,0.0731269389196197));
#2295=CARTESIAN_POINT('',(0.013450370102564,0.0154199412420392,0.0720099221721905));
#2296=CARTESIAN_POINT('',(0.0189631133042949,0.0154199412420391,0.0703527205757954));
#2297=CARTESIAN_POINT('',(0.0225373803124296,0.0154199412420391,0.0688180957032129));
#2298=CARTESIAN_POINT('',(0.0225373803124296,0.0154199412420391,0.0688180957032129));
#2299=CARTESIAN_POINT('',(0.0225373803124296,0.0154199412420391,0.0688180957032129));
#2300=CARTESIAN_POINT('',(0.0238382037386011,0.0154199412420391,0.0682595823128877));
#2301=CARTESIAN_POINT('',(0.0265076890964423,0.0154199412420391,0.0673125210176507));
#2302=CARTESIAN_POINT('',(0.0305936974166107,0.0154199412420391,0.066118159232697));
#2303=CARTESIAN_POINT('',(0.0339284695632374,0.0154199412420391,0.0649361338387142));
#2304=CARTESIAN_POINT('',(0.0363611676754446,0.0154199412420391,0.0633459891995612));
#2305=CARTESIAN_POINT('',(0.037345585444411,0.0154199412420391,0.0623143451927092));
#2306=CARTESIAN_POINT('',(0.0377873211583866,0.0154199412420391,0.0617405622912722));
#2307=CARTESIAN_POINT('',(-0.05,0.0281199412420391,0.0617405622912722));
#2308=CARTESIAN_POINT('',(-0.0377092793601994,0.0266305744450461,0.0491281958779454));
#2309=CARTESIAN_POINT('',(-0.0387325117037514,0.0252110437210881,0.0492958251600554));
#2310=CARTESIAN_POINT('',(-0.0400225761012979,0.0229058627496692,0.0499382705487028));
#2311=CARTESIAN_POINT('',(-0.0406583813491427,0.0199668572350815,0.0518797385736417));
#2312=CARTESIAN_POINT('',(-0.0404996993131254,0.0187112912557983,0.0531659803220497));
#2313=CARTESIAN_POINT('',(-0.0403009313155876,0.0181708323661573,0.0538471959260355));
#2314=CARTESIAN_POINT('',(-0.0377092793601995,0.0266305744450461,0.0491281958779454));
#2315=CARTESIAN_POINT('',(-0.0403009313155876,0.0181708323661573,0.0538471959260355));
#2316=CARTESIAN_POINT('',(-0.0403009313155876,0.0181708323661573,0.0538471959260355));
#2317=CARTESIAN_POINT('',(-0.0401331499331507,0.017714627439924,0.0544222145265655));
#2318=CARTESIAN_POINT('',(-0.0398591696941505,0.0169030913401404,0.055649094778448));
#2319=CARTESIAN_POINT('',(-0.0395094045726756,0.016012856828315,0.0576937662423717));
#2320=CARTESIAN_POINT('',(-0.0389958519862243,0.0155026861027859,0.0598411376576832));
#2321=CARTESIAN_POINT('',(-0.0382778463182599,0.0154199412420388,0.0611613287636745));
#2322=CARTESIAN_POINT('',(-0.0377873211583806,0.0154199412420391,0.0617405622912793));
#2323=CARTESIAN_POINT('',(0.0377873211583866,0.0154199412420391,0.0617405622912722));
#2324=CARTESIAN_POINT('',(0.0382771022165555,0.0154199412420391,0.0611622074314566));
#2325=CARTESIAN_POINT('',(0.0390006193615557,0.0155036450145156,0.0598309145869404));
#2326=CARTESIAN_POINT('',(0.0395106985103433,0.0160162924609482,0.0576840780428984));
#2327=CARTESIAN_POINT('',(0.039860417101645,0.016906579186474,0.0556437750540243));
#2328=CARTESIAN_POINT('',(0.0401329368778603,0.0177140481332594,0.0544229447074303));
#2329=CARTESIAN_POINT('',(0.0403009313155876,0.0181708323661573,0.0538471959260355));
#2330=CARTESIAN_POINT('',(0.0403009313155876,0.0181708323661573,0.0538471959260355));
#2331=CARTESIAN_POINT('',(0.0403009313155876,0.0181708323661573,0.0538471959260355));
#2332=CARTESIAN_POINT('',(0.0405000008623166,0.0187121111812542,0.0531649468558131));
#2333=CARTESIAN_POINT('',(0.0406574422120795,0.0199432408318271,0.0519016655111301));
#2334=CARTESIAN_POINT('',(0.0401901253094708,0.0221519645258797,0.0504318660299914));
#2335=CARTESIAN_POINT('',(0.0391637630697885,0.0244390354601398,0.0495101439685703));
#2336=CARTESIAN_POINT('',(0.0382253238459701,0.0259146656809207,0.0492127359799424));
#2337=CARTESIAN_POINT('',(0.0377092793602414,0.0266305744449879,0.0491281958779522));
#2338=CARTESIAN_POINT('',(0.0377092793602414,0.0266305744449879,0.0491281958779523));
#2339=CARTESIAN_POINT('',(0.0377092793602414,0.0266305744449879,0.0491281958779523));
#2340=CARTESIAN_POINT('',(0.0369453622141161,0.0276903570704335,0.0490030484628912));
#2341=CARTESIAN_POINT('',(0.0360979751545712,0.028679296767226,0.0490183728784981));
#2342=CARTESIAN_POINT('',(0.0351811563172378,0.029609308039649,0.0491281958780182));
#2343=CARTESIAN_POINT('',(0.0351811563172377,0.029609308039649,0.0491281958780182));
#2344=CARTESIAN_POINT('',(0.0351811563172377,0.0296093080396489,0.0491281958780182));
#2345=CARTESIAN_POINT('',(0.0340513951313472,0.0307553257644586,0.0492635266076274));
#2346=CARTESIAN_POINT('',(0.0315909568822229,0.0328452857468319,0.0498270146816709));
#2347=CARTESIAN_POINT('',(0.0262698179684529,0.0360833452507541,0.0515848433420018));
#2348=CARTESIAN_POINT('',(0.0204215599941337,0.0380958831082796,0.0537369202239861));
#2349=CARTESIAN_POINT('',(0.0143550996881136,0.0392171292447023,0.055514047180293));
#2350=CARTESIAN_POINT('',(0.00962892861050684,0.0397353076948935,0.0565761661562718));
#2351=CARTESIAN_POINT('',(0.0048307530449904,0.0400016858689305,0.0572483800663033));
#2352=CARTESIAN_POINT('',(2.72655800352618E-5,0.0400829748158757,0.0574790684476152));
#2353=CARTESIAN_POINT('',(-0.00481230707265406,0.0400032785011157,0.0572515351326425));
#2354=CARTESIAN_POINT('',(-0.0112408762073438,0.0396434370552576,0.0563496559057309));
#2355=CARTESIAN_POINT('',(-0.0174044131943145,0.0388081277891389,0.054691982315263));
#2356=CARTESIAN_POINT('',(-0.0233536441749924,0.0370898066856381,0.0526637355141419));
#2357=CARTESIAN_POINT('',(-0.0275699114131261,0.0352892277661838,0.0511538467173992));
#2358=CARTESIAN_POINT('',(-0.0316085649972015,0.0328325489554033,0.0498230905228193));
#2359=CARTESIAN_POINT('',(-0.0340366470177534,0.0307702860940471,0.0492652932401896));
#2360=CARTESIAN_POINT('',(-0.0351811563180573,0.0296093080388175,0.04912819587792));
#2361=CARTESIAN_POINT('',(-0.0351811563180573,0.0296093080388176,0.0491281958779201));
#2362=CARTESIAN_POINT('',(-0.0351811563180573,0.0296093080388176,0.0491281958779201));
#2363=CARTESIAN_POINT('',(-0.036097975155062,0.0286792967666499,0.0490183728784923));
#2364=CARTESIAN_POINT('',(-0.0369453622143157,0.0276903570701498,0.0490030484629296));
#2365=CARTESIAN_POINT('',(-0.0377092793601995,0.0266305744450461,0.0491281958779454));
#2366=CARTESIAN_POINT('',(0.0403009313155876,0.0181708323661573,0.0538471959260355));
#2367=CARTESIAN_POINT('',(0.0409514910154199,0.0180868099146212,0.0539531011228388));
#2368=CARTESIAN_POINT('',(0.0413224323845448,0.0176112767316101,0.0536742206849358));
#2369=CARTESIAN_POINT('',(0.0401336825824313,0.0177160757308841,0.0544203890437766));
#2370=CARTESIAN_POINT('',(0.0407789580830144,0.0176501470762373,0.0545159822953153));
#2371=CARTESIAN_POINT('',(0.0411521459526009,0.0171718397453197,0.0542668258924217));
#2372=CARTESIAN_POINT('',(0.039862512247551,0.016912883033903,0.0556338799726677));
#2373=CARTESIAN_POINT('',(0.0404838412727709,0.0168780595367824,0.0557012902152967));
#2374=CARTESIAN_POINT('',(0.0408597664135585,0.0164059373162198,0.0555289793148422));
#2375=CARTESIAN_POINT('',(0.0395147186753784,0.0160257143132778,0.0576590533759095));
#2376=CARTESIAN_POINT('',(0.0400590672268454,0.0160033737486291,0.0577209881359487));
#2377=CARTESIAN_POINT('',(0.0404295619206812,0.0155979579810372,0.0576734439141719));
#2378=CARTESIAN_POINT('',(0.0390124375832496,0.0155087758448763,0.0597949494499147));
#2379=CARTESIAN_POINT('',(0.0394565645743794,0.0154846635864128,0.0599161278116231));
#2380=CARTESIAN_POINT('',(0.0397918972218619,0.0151767608973708,0.0599946048229353));
#2381=CARTESIAN_POINT('',(0.0382914225653727,0.0154199412420391,0.0611452973328385));
#2382=CARTESIAN_POINT('',(0.0386610620829757,0.0154076290206263,0.0613622307953374));
#2383=CARTESIAN_POINT('',(0.0389573878898832,0.015141758797419,0.0615217130134784));
#2384=CARTESIAN_POINT('',(0.0377873211583866,0.0154199412420391,0.0617405622912722));
#2385=CARTESIAN_POINT('',(0.0381290121175981,0.0154199412420391,0.0620036184043914));
#2386=CARTESIAN_POINT('',(0.0384000603764416,0.0151573758242287,0.0622122891330628));
#2387=CARTESIAN_POINT('',(0.0403009313155876,0.0171759214785691,0.0530578592895118));
#2388=CARTESIAN_POINT('',(0.0377873211583866,0.0141499412420391,0.0617405622912723));
#2389=CARTESIAN_POINT('',(0.0377873211583866,0.0154199412420391,0.0617405622912722));
#2390=CARTESIAN_POINT('',(0.0381290121175981,0.0154199412420391,0.0620036184043914));
#2391=CARTESIAN_POINT('',(0.0384000603764416,0.0151573758242287,0.0622122891330628));
#2392=CARTESIAN_POINT('',(0.0373455854457065,0.0154199412420391,0.0623143451941319));
#2393=CARTESIAN_POINT('',(0.037660621265478,0.0154199412420401,0.062591540591254));
#2394=CARTESIAN_POINT('',(0.0379116835102714,0.0151710607654793,0.0628174295463973));
#2395=CARTESIAN_POINT('',(0.0363611676748603,0.0154199412420391,0.0633459891989221));
#2396=CARTESIAN_POINT('',(0.0366234599581227,0.0154199412420387,0.0636662389698427));
#2397=CARTESIAN_POINT('',(0.0368390201012734,0.0151802328369821,0.0639229793460301));
#2398=CARTESIAN_POINT('',(0.0339284695635669,0.0154199412420391,0.0649361338390632));
#2399=CARTESIAN_POINT('',(0.0341039744162484,0.0154199412420393,0.0653729286473717));
#2400=CARTESIAN_POINT('',(0.034272756708352,0.0151237745223898,0.0656896953592879));
#2401=CARTESIAN_POINT('',(0.0305936974165669,0.0154199412420391,0.0661181592327508));
#2402=CARTESIAN_POINT('',(0.0306894282652418,0.0154199412420399,0.0667223539644887));
#2403=CARTESIAN_POINT('',(0.0308787194383094,0.0149562062050854,0.067073426492701));
#2404=CARTESIAN_POINT('',(0.0265076890962134,0.0154199412420391,0.0673125210170276));
#2405=CARTESIAN_POINT('',(0.0266440589694514,0.0154199412420358,0.0681079157229117));
#2406=CARTESIAN_POINT('',(0.0268444927393852,0.0147027206765194,0.0684179467391485));
#2407=CARTESIAN_POINT('',(0.0238382037391642,0.0154199412420391,0.0682595823143058));
#2408=CARTESIAN_POINT('',(0.0241352657566296,0.0154199412420467,0.0691436861253155));
#2409=CARTESIAN_POINT('',(0.02426878614468,0.0145345532291698,0.069394911035349));
#2410=CARTESIAN_POINT('',(0.0225373803124296,0.0154199412420391,0.068818095703213));
#2411=CARTESIAN_POINT('',(0.0229294611131682,0.0154199412420391,0.0697312839980468));
#2412=CARTESIAN_POINT('',(0.0230237308941965,0.0144552931533807,0.069950846038395));
#2413=CARTESIAN_POINT('',(0.0225373803124296,0.0141499412420391,0.0688180957032129));
#2414=CARTESIAN_POINT('',(0.0413224323845447,0.01761127673161,0.0536742206849359));
#2415=CARTESIAN_POINT('',(0.0409514910154198,0.0180868099146212,0.0539531011228389));
#2416=CARTESIAN_POINT('',(0.0403009313155876,0.0181708323661573,0.0538471959260355));
#2417=CARTESIAN_POINT('',(0.0415309673737482,0.0182199834303035,0.0528986653422871));
#2418=CARTESIAN_POINT('',(0.0411525842298965,0.0186493881807661,0.0532292290280934));
#2419=CARTESIAN_POINT('',(0.0404986032851987,0.0187083111111172,0.053169736613412));
#2420=CARTESIAN_POINT('',(0.0417025774699111,0.0195983435448338,0.0514648044063896));
#2421=CARTESIAN_POINT('',(0.0413197952989651,0.0199435436561728,0.0518892388074272));
#2422=CARTESIAN_POINT('',(0.0406559258093764,0.0199260909269063,0.0519186304675934));
#2423=CARTESIAN_POINT('',(0.0412488262854921,0.0220687435282803,0.0497841757516389));
#2424=CARTESIAN_POINT('',(0.0408802306754354,0.0222827895889739,0.0503510552064065));
#2425=CARTESIAN_POINT('',(0.0402033654598924,0.0221105385407471,0.0504545024822198));
#2426=CARTESIAN_POINT('',(0.0402098165666093,0.0246588920517362,0.0487100180740773));
#2427=CARTESIAN_POINT('',(0.0398747704287476,0.0247393367513791,0.0494083215449598));
#2428=CARTESIAN_POINT('',(0.039185053781266,0.0244023224874595,0.0495196538183407));
#2429=CARTESIAN_POINT('',(0.0392372834510392,0.0263510022073502,0.0483591362321585));
#2430=CARTESIAN_POINT('',(0.0389441286489353,0.0263255400541491,0.0491371772918844));
#2431=CARTESIAN_POINT('',(0.0382356688012658,0.0259003141205604,0.0492144307243533));
#2432=CARTESIAN_POINT('',(0.0386975754793074,0.0271756764813218,0.0482599999999998));
#2433=CARTESIAN_POINT('',(0.0384299093109975,0.0270963050762278,0.049073198765134));
#2434=CARTESIAN_POINT('',(0.0377092793602414,0.0266305744449879,0.0491281958779523));
#2435=CARTESIAN_POINT('',(0.0386975754793074,0.0271756764813218,0.0482599999999998));
#2436=CARTESIAN_POINT('',(0.0385407126890328,0.0271291617493717,0.0487365661202243));
#2437=CARTESIAN_POINT('',(0.0381315965531269,0.0269035107177859,0.0490959654297481));
#2438=CARTESIAN_POINT('',(0.0377092793602414,0.0266305744449879,0.0491281958779522));
#2439=CARTESIAN_POINT('',(0.0225373803124296,0.0154199412420391,0.0688180957032129));
#2440=CARTESIAN_POINT('',(0.0229294611131681,0.0154199412420391,0.0697312839980468));
#2441=CARTESIAN_POINT('',(0.0230237308941963,0.0144552931533807,0.069950846038395));
#2442=CARTESIAN_POINT('',(0.0189631133041637,0.0154199412420391,0.0703527205753814));
#2443=CARTESIAN_POINT('',(0.0192808360214394,0.0154199412421222,0.0713028619588891));
#2444=CARTESIAN_POINT('',(0.0193634889469081,0.014449740996068,0.0715238812492226));
#2445=CARTESIAN_POINT('',(0.0134503701025928,0.0154199412420392,0.0720099221722847));
#2446=CARTESIAN_POINT('',(0.0136712249823571,0.0154199412420206,0.0729920879775623));
#2447=CARTESIAN_POINT('',(0.0137285690996505,0.0144438067277742,0.073218411199853));
#2448=CARTESIAN_POINT('',(0.0058256169281772,0.0154199412420391,0.0731269389196007));
#2449=CARTESIAN_POINT('',(0.00592137217378667,0.0154199412420423,0.0741306730591753));
#2450=CARTESIAN_POINT('',(0.00594470487680056,0.0144398498734256,0.0743596297645217));
#2451=CARTESIAN_POINT('',(-0.00193613278964963,0.0154199412420391,0.0734967657700588));
#2452=CARTESIAN_POINT('',(-0.00196882285304241,0.0154199412420382,0.0745073937820947));
#2453=CARTESIAN_POINT('',(-0.00197571990333761,0.0144385464474846,0.0747372218680594));
#2454=CARTESIAN_POINT('',(-0.00955430401983262,0.0154199412420391,0.0727774403849406));
#2455=CARTESIAN_POINT('',(-0.00970722711582756,0.0154199412420325,0.0737755215812079));
#2456=CARTESIAN_POINT('',(-0.00974955507781397,0.0144410760579169,0.0740029486947199));
#2457=CARTESIAN_POINT('',(-0.0171120014839762,0.0154199412420391,0.0709082923535614));
#2458=CARTESIAN_POINT('',(-0.0173995484655549,0.0154199412420508,0.07186808743202));
#2459=CARTESIAN_POINT('',(-0.0174713506783577,0.0144477486020879,0.0720918417126585));
#2460=CARTESIAN_POINT('',(-0.020751667155651,0.0154199412420391,0.0695847983078116));
#2461=CARTESIAN_POINT('',(-0.0211082072762968,0.0154199412420131,0.0705157554957355));
#2462=CARTESIAN_POINT('',(-0.0211950644321927,0.014452519281264,0.0707367385490009));
#2463=CARTESIAN_POINT('',(-0.0225373803124295,0.0154199412420391,0.068818095703213));
#2464=CARTESIAN_POINT('',(-0.0229294611131682,0.0154199412420391,0.0697312839980469));
#2465=CARTESIAN_POINT('',(-0.0230237308941964,0.0144552931533806,0.069950846038395));
#2466=CARTESIAN_POINT('',(-0.0225373803124295,0.0141499412420391,0.068818095703213));
#2467=CARTESIAN_POINT('',(0.0351811563172555,0.0296093080396681,0.0491281958779092));
#2468=CARTESIAN_POINT('',(0.0359275481007778,0.0302690212747056,0.0492060999726698));
#2469=CARTESIAN_POINT('',(0.036103194628309,0.0305381577346084,0.0482599999999973));
#2470=CARTESIAN_POINT('',(0.0361043373759275,0.0286728429474574,0.0490176107609085));
#2471=CARTESIAN_POINT('',(0.0368202556972535,0.029291304435898,0.0490419825726819));
#2472=CARTESIAN_POINT('',(0.0370496184675096,0.0294802431932342,0.0481390005442163));
#2473=CARTESIAN_POINT('',(0.0369509186116838,0.0276826486759502,0.0490039587303563));
#2474=CARTESIAN_POINT('',(0.037665836854742,0.0282319876903913,0.0489790471146811));
#2475=CARTESIAN_POINT('',(0.037918192727776,0.0283624832719726,0.0481240626684496));
#2476=CARTESIAN_POINT('',(0.0377092793602413,0.0266305744449879,0.0491281958779525));
#2477=CARTESIAN_POINT('',(0.0384299093109974,0.0270963050762279,0.0490731987651342));
#2478=CARTESIAN_POINT('',(0.0386975754793073,0.0271756764813219,0.04826));
#2479=CARTESIAN_POINT('',(0.0361031946283215,0.0305381577346233,0.0482599999999661));
#2480=CARTESIAN_POINT('',(0.0360535867974395,0.0304621455516563,0.0485272069189496));
#2481=CARTESIAN_POINT('',(0.035812741700416,0.0301904560774481,0.0490001197745309));
#2482=CARTESIAN_POINT('',(0.0353919596726843,0.0297956307814609,0.0491501983235652));
#2483=CARTESIAN_POINT('',(0.0351811563172555,0.0296093080396551,0.0491281958780189));
#2484=CARTESIAN_POINT('',(-0.0225373803124295,0.0154199412420391,0.068818095703213));
#2485=CARTESIAN_POINT('',(-0.0229294611131681,0.0154199412420391,0.0697312839980468));
#2486=CARTESIAN_POINT('',(-0.0230237308941964,0.0144552931533807,0.069950846038395));
#2487=CARTESIAN_POINT('',(-0.0238365718476693,0.0154199412420391,0.0682602829731444));
#2488=CARTESIAN_POINT('',(-0.0241337901413292,0.015419941242038,0.0691444052041731));
#2489=CARTESIAN_POINT('',(-0.0242672242146776,0.0145344537968605,0.0693956084594736));
#2490=CARTESIAN_POINT('',(-0.0264992716101351,0.0154199412420391,0.0673154397165731));
#2491=CARTESIAN_POINT('',(-0.0266360149819571,0.0154199412420395,0.068111171092816));
#2492=CARTESIAN_POINT('',(-0.0268362833894023,0.0147022060727535,0.0684210467300646));
#2493=CARTESIAN_POINT('',(-0.0305842666164543,0.0154199412420391,0.0661202565715514));
#2494=CARTESIAN_POINT('',(-0.030680481659828,0.0154199412420394,0.0667247131676298));
#2495=CARTESIAN_POINT('',(-0.0308694402305212,0.0149555715368448,0.0670758890942744));
#2496=CARTESIAN_POINT('',(-0.0339032043143387,0.0154199412420391,0.0649472507266378));
#2497=CARTESIAN_POINT('',(-0.0340781484685323,0.0154199412420381,0.0653852677939354));
#2498=CARTESIAN_POINT('',(-0.0342466863497477,0.0151227247869481,0.0657025113259372));
#2499=CARTESIAN_POINT('',(-0.0363485184114225,0.0154199412420391,0.0633581079940913));
#2500=CARTESIAN_POINT('',(-0.0366101169387624,0.0154199412420409,0.063678955130253));
#2501=CARTESIAN_POINT('',(-0.0368253106375758,0.0151802595498493,0.0639360654549351));
#2502=CARTESIAN_POINT('',(-0.0373436185697297,0.0154199412420391,0.0623169000246742));
#2503=CARTESIAN_POINT('',(-0.0376585419795622,0.0154199412420353,0.0625941505021898));
#2504=CARTESIAN_POINT('',(-0.0379095089594327,0.0151711216991253,0.0628201239996398));
#2505=CARTESIAN_POINT('',(-0.0377873211583867,0.0154199412420391,0.0617405622912721));
#2506=CARTESIAN_POINT('',(-0.0381290121175982,0.0154199412420391,0.0620036184043913));
#2507=CARTESIAN_POINT('',(-0.0384000603764417,0.0151573758242287,0.0622122891330627));
#2508=CARTESIAN_POINT('',(-0.037787321158381,0.0141499412420391,0.0617405622912795));
#2509=CARTESIAN_POINT('',(0.0361031946282966,0.0305381577345975,0.0482600000000756));
#2510=CARTESIAN_POINT('',(0.0359275481007791,0.0302690212747036,0.0492060999727805));
#2511=CARTESIAN_POINT('',(0.0351811563172377,0.0296093080396489,0.0491281958780182));
#2512=CARTESIAN_POINT('',(0.0349810832082076,0.0317889155523071,0.0484104867262116));
#2513=CARTESIAN_POINT('',(0.0348195262844864,0.0314732651399941,0.0494084271835297));
#2514=CARTESIAN_POINT('',(0.0340883610775967,0.0307178279013765,0.0492590985668914));
#2515=CARTESIAN_POINT('',(0.0325237299590996,0.0340952141099515,0.0490305633120344));
#2516=CARTESIAN_POINT('',(0.0323761727020145,0.0336820594360929,0.0501419496544297));
#2517=CARTESIAN_POINT('',(0.0316963679257182,0.0327631757798496,0.0497985105495491));
#2518=CARTESIAN_POINT('',(0.0271531656515887,0.0377231470417646,0.0509980675052104));
#2519=CARTESIAN_POINT('',(0.0269989430791041,0.0371197497310431,0.052337780264125));
#2520=CARTESIAN_POINT('',(0.026470363192266,0.0359863640300632,0.051511483156827));
#2521=CARTESIAN_POINT('',(0.0211722691046678,0.0400203736538573,0.0534599544672857));
#2522=CARTESIAN_POINT('',(0.0211344804721264,0.0390990307098324,0.054957756763162));
#2523=CARTESIAN_POINT('',(0.0206489945482518,0.0380371592157412,0.0536591841630049));
#2524=CARTESIAN_POINT('',(0.0149236589817251,0.0413021090872844,0.0555202807653154));
#2525=CARTESIAN_POINT('',(0.0150836677542351,0.0401427133091863,0.0571345858405001));
#2526=CARTESIAN_POINT('',(0.0145602597088063,0.0391882812136102,0.0554608353542865));
#2527=CARTESIAN_POINT('',(0.0100260969459715,0.0418956278315298,0.056763294993734));
#2528=CARTESIAN_POINT('',(0.010172944791522,0.0406008708341815,0.0585043627456432));
#2529=CARTESIAN_POINT('',(0.00978448922042555,0.039724117948064,0.0565491839496071));
#2530=CARTESIAN_POINT('',(0.00503159240197401,0.0421993594559122,0.0575549745476978));
#2531=CARTESIAN_POINT('',(0.00512236017455176,0.0408124122003723,0.0593881068830196));
#2532=CARTESIAN_POINT('',(0.0049111707257193,0.0399998417813201,0.0572430683884583));
#2533=CARTESIAN_POINT('',(3.4186375217101E-5,0.0422916112622687,0.0578268879423095));
#2534=CARTESIAN_POINT('',(3.46742799668221E-5,0.0408717290755822,0.0596949708319807));
#2535=CARTESIAN_POINT('',(3.33708063950822E-5,0.0400838853905152,0.0574815146978876));
#2536=CARTESIAN_POINT('',(-0.00500998388580125,0.0422011616427421,0.0575595179257579));
#2537=CARTESIAN_POINT('',(-0.00509904811406032,0.0408137629845667,0.0593935230902464));
#2538=CARTESIAN_POINT('',(-0.00489008967586646,0.0400014757537627,0.0572470493268856));
#2539=CARTESIAN_POINT('',(-0.0100325651423871,0.041894276480868,0.0567608533555569));
#2540=CARTESIAN_POINT('',(-0.0101808337722294,0.040599682779603,0.058501078194988));
#2541=CARTESIAN_POINT('',(-0.00979079098017118,0.0397229036974035,0.0565470505354097));
#2542=CARTESIAN_POINT('',(-0.014874125645356,0.0413098098426347,0.055534810462912));
#2543=CARTESIAN_POINT('',(-0.0150339981970853,0.0401486516794947,0.0571511989118919));
#2544=CARTESIAN_POINT('',(-0.0145119765041257,0.0391952106290556,0.0554735399757501));
#2545=CARTESIAN_POINT('',(-0.0195994615733643,0.040344189227186,0.0539782282583034));
#2546=CARTESIAN_POINT('',(-0.0197204567174175,0.0393454196620307,0.0554642945641973));
#2547=CARTESIAN_POINT('',(-0.0191164242821508,0.0383279823897933,0.0541124189730683));
#2548=CARTESIAN_POINT('',(-0.024171618300242,0.0388723499948782,0.0522313016817069));
#2549=CARTESIAN_POINT('',(-0.0242227051225299,0.0380539649904434,0.0535892579054083));
#2550=CARTESIAN_POINT('',(-0.0235684144223833,0.0370122014480828,0.0525871938219454));
#2551=CARTESIAN_POINT('',(-0.028462355610423,0.0368348634074195,0.0505169856562105));
#2552=CARTESIAN_POINT('',(-0.0284191213732748,0.0362111419014464,0.051754883905225));
#2553=CARTESIAN_POINT('',(-0.0277442899035291,0.0351972149838184,0.0510926806542307));
#2554=CARTESIAN_POINT('',(-0.0325419862810123,0.0340808144351678,0.0490259507651643));
#2555=CARTESIAN_POINT('',(-0.0323928019216881,0.033668091289105,0.0501376815528916));
#2556=CARTESIAN_POINT('',(-0.0317141452176067,0.0327503901594157,0.0497944833286876));
#2557=CARTESIAN_POINT('',(-0.0349655327426906,0.0318062488279917,0.0484125722038294));
#2558=CARTESIAN_POINT('',(-0.0348038190654669,0.031490336394772,0.0494112953558967));
#2559=CARTESIAN_POINT('',(-0.034073216882265,0.0307331900124022,0.0492609126449482));
#2560=CARTESIAN_POINT('',(-0.0361031946291382,0.0305381577336595,0.0482599999999628));
#2561=CARTESIAN_POINT('',(-0.0359275481015917,0.0302690212738205,0.0492060999726321));
#2562=CARTESIAN_POINT('',(-0.0351811563180572,0.0296093080388176,0.04912819587792));
#2563=CARTESIAN_POINT('',(-0.0361031946291382,0.0305381577336595,0.0482599999999628));
#2564=CARTESIAN_POINT('',(-0.0360535867982473,0.0304621455507102,0.0485272069189135));
#2565=CARTESIAN_POINT('',(-0.0358127417012136,0.0301904560765501,0.0490001197744347));
#2566=CARTESIAN_POINT('',(-0.0353919596734846,0.0297956307806086,0.0491501983234575));
#2567=CARTESIAN_POINT('',(-0.0351811563180572,0.0296093080388176,0.04912819587792));
#2568=CARTESIAN_POINT('',(-0.0377873211583813,0.0154199412420391,0.0617405622912785));
#2569=CARTESIAN_POINT('',(-0.0381290121175924,0.0154199412420392,0.0620036184043982));
#2570=CARTESIAN_POINT('',(-0.0384000603764357,0.0151573758242289,0.0622122891330702));
#2571=CARTESIAN_POINT('',(-0.0382921189655934,0.0154199412420388,0.0611444749922437));
#2572=CARTESIAN_POINT('',(-0.0386617960455539,0.0154076120360859,0.0613613460007717));
#2573=CARTESIAN_POINT('',(-0.0389581578205057,0.0151417372232533,0.0615207590034741));
#2574=CARTESIAN_POINT('',(-0.0390088434920699,0.0155077687619472,0.0598046205643614));
#2575=CARTESIAN_POINT('',(-0.0394524220881843,0.0154833720696164,0.0599264075607821));
#2576=CARTESIAN_POINT('',(-0.0397875342725718,0.0151762063262951,0.0600053766810742));
#2577=CARTESIAN_POINT('',(-0.0396779929610702,0.016194487517693,0.0569552575614645));
#2578=CARTESIAN_POINT('',(-0.0402624047846059,0.0161803494062718,0.0569721306821282));
#2579=CARTESIAN_POINT('',(-0.040637630839654,0.0157349316635717,0.0569085803964547));
#2580=CARTESIAN_POINT('',(-0.0399668511999692,0.0172624538908329,0.0549921518210655));
#2581=CARTESIAN_POINT('',(-0.0406078699833938,0.0172171409588499,0.0550741497632492));
#2582=CARTESIAN_POINT('',(-0.0409822844518439,0.0167334993256117,0.0548579523186434));
#2583=CARTESIAN_POINT('',(-0.0403009313155876,0.0181708323661573,0.0538471959260355));
#2584=CARTESIAN_POINT('',(-0.0409514910154199,0.0180868099146212,0.0539531011228388));
#2585=CARTESIAN_POINT('',(-0.0413224323845448,0.0176112767316101,0.0536742206849358));
#2586=CARTESIAN_POINT('',(-0.0403009313155876,0.0171759214785691,0.0530578592895118));
#2587=CARTESIAN_POINT('',(-0.0377092793602425,0.0266305744449864,0.0491281958779525));
#2588=CARTESIAN_POINT('',(-0.0384299093109986,0.0270963050762262,0.0490731987651342));
#2589=CARTESIAN_POINT('',(-0.0386975754793085,0.0271756764813201,0.04826));
#2590=CARTESIAN_POINT('',(-0.0369509186095123,0.0276826486787741,0.0490039587300225));
#2591=CARTESIAN_POINT('',(-0.0376658368525292,0.0282319876935604,0.0489790471147902));
#2592=CARTESIAN_POINT('',(-0.0379181927254897,0.0283624832752101,0.0481240626684819));
#2593=CARTESIAN_POINT('',(-0.0361043374600407,0.0286728429377378,0.0490176107599731));
#2594=CARTESIAN_POINT('',(-0.0368202557142832,0.0292913044435419,0.0490419822711383));
#2595=CARTESIAN_POINT('',(-0.0370496185522184,0.0294802432083971,0.0481390003153208));
#2596=CARTESIAN_POINT('',(-0.035181156318054,0.0296093080388044,0.0491281958779558));
#2597=CARTESIAN_POINT('',(-0.0359275481015872,0.0302690212738061,0.0492060999726672));
#2598=CARTESIAN_POINT('',(-0.0361031946291346,0.030538157733645,0.04826));
#2599=CARTESIAN_POINT('',(-0.0386975754793085,0.0271756764813201,0.0482600000000001));
#2600=CARTESIAN_POINT('',(-0.0385407126890339,0.02712916174937,0.0487365661202245));
#2601=CARTESIAN_POINT('',(-0.0381315965531279,0.0269035107177844,0.0490959654297482));
#2602=CARTESIAN_POINT('',(-0.0377092793602425,0.0266305744449864,0.0491281958779524));
#2603=CARTESIAN_POINT('',(-0.0386975754792643,0.0271756764813876,0.0482599999999919));
#2604=CARTESIAN_POINT('',(-0.038429909310956,0.02709630507629,0.0490731987651288));
#2605=CARTESIAN_POINT('',(-0.0377092793601994,0.0266305744450461,0.0491281958779453));
#2606=CARTESIAN_POINT('',(-0.0397699741463894,0.0255370503377302,0.0484569834969174));
#2607=CARTESIAN_POINT('',(-0.0394406229659731,0.0255813431224056,0.049198950494283));
#2608=CARTESIAN_POINT('',(-0.0387552141331172,0.0251795486314154,0.0492995443463912));
#2609=CARTESIAN_POINT('',(-0.0410918740692039,0.0228995174754607,0.0492232868705787));
#2610=CARTESIAN_POINT('',(-0.0407249224507584,0.023085811741814,0.0498277394870316));
#2611=CARTESIAN_POINT('',(-0.0400469742054596,0.0228451603188366,0.0499659102427966));
#2612=CARTESIAN_POINT('',(-0.0417028836884215,0.0196144111660602,0.0514502230638054));
#2613=CARTESIAN_POINT('',(-0.0413201884098312,0.0199583344594276,0.0518758339429013));
#2614=CARTESIAN_POINT('',(-0.0406561236869315,0.0199402906627962,0.0519059082556863));
#2615=CARTESIAN_POINT('',(-0.04153114218874,0.0182204937065327,0.0528980151958943));
#2616=CARTESIAN_POINT('',(-0.0411527524148177,0.0186498586914758,0.053228623618317));
#2617=CARTESIAN_POINT('',(-0.0404987689939991,0.0187087616779224,0.0531691687013206));
#2618=CARTESIAN_POINT('',(-0.0413224323845447,0.01761127673161,0.0536742206849359));
#2619=CARTESIAN_POINT('',(-0.0409514910154198,0.0180868099146212,0.0539531011228389));
#2620=CARTESIAN_POINT('',(-0.0403009313155876,0.0181708323661573,0.0538471959260355));
#2621=MECHANICAL_DESIGN_GEOMETRIC_PRESENTATION_REPRESENTATION('',(#828),
#2622);
#2622=(
GEOMETRIC_REPRESENTATION_CONTEXT(3)
GLOBAL_UNCERTAINTY_ASSIGNED_CONTEXT((#2623))
GLOBAL_UNIT_ASSIGNED_CONTEXT((#2626,#2625,#2624))
REPRESENTATION_CONTEXT('soup_head','TOP_LEVEL_ASSEMBLY_PART')
);
#2623=UNCERTAINTY_MEASURE_WITH_UNIT(LENGTH_MEASURE(2.8831732446882E-5),
#2626,'DISTANCE_ACCURACY_VALUE','Maximum Tolerance applied to model');
#2624=(
NAMED_UNIT(*)
SI_UNIT($,.STERADIAN.)
SOLID_ANGLE_UNIT()
);
#2625=(
NAMED_UNIT(*)
PLANE_ANGLE_UNIT()
SI_UNIT($,.RADIAN.)
);
#2626=(
LENGTH_UNIT()
NAMED_UNIT(*)
SI_UNIT($,.METRE.)
);
#2627=PRODUCT_DEFINITION_SHAPE('','',#2628);
#2628=PRODUCT_DEFINITION('','',#2630,#2629);
#2629=PRODUCT_DEFINITION_CONTEXT('',#2636,'design');
#2630=PRODUCT_DEFINITION_FORMATION_WITH_SPECIFIED_SOURCE('','',#2632,
 .NOT_KNOWN.);
#2631=PRODUCT_RELATED_PRODUCT_CATEGORY('','',(#2632));
#2632=PRODUCT('soup_head','soup_head','soup_head',(#2634));
#2633=PRODUCT_CATEGORY('','');
#2634=PRODUCT_CONTEXT('',#2636,'mechanical');
#2635=APPLICATION_PROTOCOL_DEFINITION('international standard',
'ap242_managed_model_based_3d_engineering',2020,#2636);
#2636=APPLICATION_CONTEXT('managed model based 3d engineering');
ENDSEC;
END-ISO-10303-21;
